Date;CLI;DJ_ret;Volume_DJ_chg;RF_rate;AA;AAA;BBB;A;GDP_chg;High_Qua_2Y;High_Qua_5Y;High_Qua_10Y;High_Qua_30Y;Ind_Prod_chg;Perso_Cons_Exp_chg;CPI_chg;SaleTrade_chg;Cons_Sentiment;Unempl_Rate;SP500_ret;Volume_SP500_chg;PPIACO_chg;Rend_1M;Rend_3M;Rend_6M;Rend_1Y;Rend_2Y;Rend_3Y;Rend_5Y;Rend_7Y;Rend_10Y;Rend_20Y;Rend_30Y;StressIndicator_SL;Spread_10Y2Y;VIX
1996-01-01;98.6113;0.01240744;-0.04247356;5.56;6.960454545;6.849545455;7.389545455;7.095909091;0.01233592;5.52;5.93;6.33;6.96;-0.005216042;-0.00231486;0.005198181;-0.008591317;89.3;5.6;0.041979934;0.086076929;0.00477327;2.21;5.051;5.055;2.254;4.933;8.259;5.236;2.698;5.576;1.178;6.027;-0.324575;0.54;13.47363636
1996-02-01;98.7355;0.06293969;0.430129992;5.22;6.960454545;6.849545455;7.389545455;7.095909091;0.01233592;5.41;5.94;6.47;7.19;0.014497166;0.009261262;0.001939237;0.016554313;88.5;5.5;0.003190306;0.392860493;-0.000791766;2.21;4.996;5.009;2.254;5.426;8.156;5.741;2.698;6.103;1.178;6.467;-0.36295;0.78;15.033
1996-03-01;98.90493;0.014079646;-0.182882523;5.31;6.960454545;6.849545455;7.389545455;7.095909091;0.01233592;6;6.53;6.93;7.55;-0.00161192;0.00789043;0.003225806;0.009169588;93.7;5.5;0.012720564;0.280955395;0.001584786;2.21;5.126;5.142;2.254;5.769;7.91;6.093;2.698;6.334;1.178;6.674;-0.2286;0.607619048;17.76238095
1996-04-01;99.08377;0.011899637;0.103888127;5.22;6.960454545;6.849545455;7.389545455;7.095909091;0.020889962;6.27;6.84;7.16;7.72;0.010149592;0.006707517;0.003858521;0.003685016;92.7;5.6;0.015359036;-0.211505202;0.007911392;2.21;5.135;5.145;2.254;6.06;7.669;6.42;2.698;6.679;1.178;6.912;-0.132825;0.554090909;16.5752381
1996-05-01;99.25133;-0.003672961;-0.072063097;5.24;6.960454545;6.849545455;7.389545455;7.095909091;0.020889962;6.41;6.98;7.35;7.82;0.007380188;0.003033794;0.001921845;0.007502157;89.4;5.6;0.022700295;0.163600968;0.005494505;2.21;5.152;5.173;2.254;6.254;7.37;6.634;2.698;6.848;1.178;6.988;-0.2351;0.641818182;16.14636364
1996-06-01;99.38778;0.019032203;-0.054044032;5.27;6.960454545;6.849545455;7.389545455;7.095909091;0.020889962;6.62;7.17;7.52;7.94;0.007530626;0.001148589;0.001918159;-0.000351673;92.4;5.3;0.003504642;-0.033311943;-0.00078064;2.21;5.152;5.173;2.254;6.115;7.246;6.469;2.698;6.716;1.178;6.895;-0.1926;0.615;16.395
1996-07-01;99.48357;-0.002139415;-0.13062146;5.4;6.960454545;6.849545455;7.389545455;7.095909091;0.012270629;6.59;7.11;7.46;7.89;-3.32E-05;0.004225783;0.001914486;0.000260024;94.7;5.5;-0.039875808;0.707671973;0;2.21;5.306;5.322;2.254;6.216;7.321;6.573;2.698;6.798;1.178;6.977;-0.138125;0.595454545;17.97863636
1996-08-01;99.55967;-0.014564011;0.363929739;5.22;6.960454545;6.849545455;7.389545455;7.095909091;0.012270629;6.37;6.87;7.24;7.68;0.005060006;0.004398408;0.001273885;0.000158013;95.3;5.1;0.019259796;-0.458789025;0.00234375;2.21;5.282;5.287;2.254;6.345;7.287;6.732;2.698;6.945;1.178;7.12;-0.2128;0.606363636;15.76045455
1996-09-01;99.63203;0.010469661;-0.257589841;5.3;6.960454545;6.849545455;7.389545455;7.095909091;0.012270629;6.57;7.08;7.44;7.87;0.006251584;0.004094787;0.003180662;0.01345952;94.7;5.2;0.050465393;0.104084499;-0.000779423;2.21;5.025;5.037;2.254;6.101;7.07;6.464;2.698;6.703;1.178;6.923;-0.160025;0.598;16.578
1996-10-01;99.70577;0.042532514;0.027224047;5.24;6.960454545;6.849545455;7.389545455;7.095909091;0.015786073;6.22;6.74;7.12;7.61;-0.000145611;0.006022732;0.003170577;0.008297336;96.5;5.2;0.037644439;-0.140815864;-0.001560062;2.21;5.144;5.154;2.254;5.757;7.087;6.074;2.698;6.341;1.178;6.645;-0.135375;0.620909091;16.38173913
1996-11-01;99.78934;0.008618134;0.184853717;5.31;6.960454545;6.849545455;7.389545455;7.095909091;0.015786073;6.02;6.45;6.79;7.31;0.008853401;0.004260111;0.003160556;-0.001670748;99.2;5.4;0.073004281;0.628584756;0.0015625;2.21;5.119;5.131;2.254;5.591;7.271;5.838;2.698;6.048;1.178;6.359;-0.22896;0.502105263;15.997
1996-12-01;99.87895;0.089241789;0.008325723;5.29;6.960454545;6.849545455;7.389545455;7.095909091;0.015786073;6.1;6.57;6.91;7.4;0.006229347;0.005120347;0.002520479;0.005545176;96.9;5.4;-0.028571565;0.450943764;0.007020281;2.21;5.186;5.186;2.254;5.885;7.088;6.213;2.698;6.429;1.178;6.644;-0.148075;0.52047619;19.26095238
1997-01-01;99.984;0.003980943;0.072370939;5.25;6.960454545;6.849545455;7.389545455;7.095909091;0.012456035;6.31;6.82;7.17;7.62;0.001818461;0.006042465;0.001885607;0.00540033;97.4;5.3;0.067003722;0.248074546;0.00464756;2.21;5.14;5.152;2.254;5.925;6.66;6.25;2.698;6.503;1.178;6.786;-0.30826;0.570952381;19.47333333
1997-02-01;100.113;0.038916769;0.304990754;5.19;6.82;6.731052632;7.235789474;6.946842105;0.012456035;6.19;6.67;7.01;7.49;0.011750166;0.004232042;0.001882058;0.009462818;99.7;5.2;0.009565079;-0.311640232;-0.00925212;2.21;5.225;5.235;2.254;6.094;6.221;6.391;2.698;6.556;1.178;6.804;-0.342725;0.521052632;20.13947368
1997-03-01;100.2522;0.025149968;-0.213578411;5.39;7.1125;7.061;7.5095;7.2365;0.012456035;6.48;6.98;7.28;7.73;0.006401053;0.003717335;0.000626174;0.003446149;100;5.2;-0.047768711;0.24927736;-0.009338521;2.21;5.317;5.328;2.254;6.419;5.97;6.759;2.698;6.907;1.178;7.098;-0.349475;0.4725;20.17
1997-04-01;100.3967;-0.031239946;0.097187248;5.51;7.312727273;7.226363636;7.704090909;7.445454545;0.018674691;6.7;7.21;7.47;7.91;0.000833686;0.000935059;0.000625782;-0.007761354;101.4;5.1;0.066672423;0.537528356;-0.002356638;2.21;5.216;5.249;2.254;6.274;5.731;6.573;2.698;6.715;1.178;6.959;-0.2166;0.437272727;19.66227273
1997-05-01;100.5411;0.073323306;0.177340159;5.5;7.131363636;7.033181818;7.515;7.265454545;0.018674691;6.55;7.02;7.31;7.79;0.005680293;0.000164856;0;-0.008357957;103.2;4.9;0.063207409;-0.350314584;0.003149606;2.21;4.934;4.976;2.254;6.216;5.038;6.508;2.698;6.663;1.178;6.908;-0.26444;0.434285714;19.9247619
1997-06-01;100.6793;0.034109189;-0.065278789;5.56;6.94047619;6.826666667;7.312857143;7.07047619;0.018674691;6.38;6.82;7.09;7.6;0.004578235;0.006226878;0.001876173;0.014754659;104.5;5;0.037064382;0.263095956;-0.001569859;2.21;5.185;5.172;2.254;6.084;5.566;6.383;2.698;6.502;1.178;6.787;-0.19855;0.399047619;20.19428571
1997-07-01;100.8002;0.046996033;-0.031693868;5.52;6.666818182;6.575;7.043636364;6.815454545;0.016903505;6.16;6.56;6.81;7.32;0.008460644;0.009937753;0.001248439;0.011427873;107.1;4.9;0.083466253;0.380863043;-0.002358491;2.21;5.227;5.238;2.254;5.741;5.726;5.905;2.698;6.013;1.178;6.299;-0.2974;0.329545455;20.52909091
1997-08-01;100.8871;0.069484985;0.264959537;5.54;6.747272727;6.659090909;7.116818182;6.899090909;0.016903505;6.21;6.64;6.9;7.38;0.010017396;0.006884371;0.002493766;0.002999797;104.4;4.8;-0.051803117;0.515410872;0.002364066;2.21;5.2;5.225;2.254;5.976;6.098;6.228;2.698;6.339;1.178;6.608;-0.33232;0.35952381;23.0847619
1997-09-01;100.9451;-0.065928059;-0.123956921;5.54;6.657142857;6.578095238;7.05;6.828571429;0.016903505;6.16;6.57;6.81;7.3;0.009248802;0.002631108;0.002487562;0.003327955;106;4.9;0.04425993;-0.206009684;0.002358491;2.21;5.073;5.105;2.254;5.783;5.921;5.992;2.698;6.103;1.178;6.398;-0.1823;0.326666667;23.81238095
1997-10-01;100.9757;0.03739733;-0.055624919;5.5;6.486956522;6.460869565;6.903043478;6.636956522;0.011899585;6.06;6.44;6.67;7.17;0.00887028;0.00642662;0.001861042;-0.001190442;105.6;4.7;-0.020925179;0.747668555;0.002352941;2.21;5.192;5.204;2.254;5.608;5.687;5.713;2.698;5.831;1.178;6.142;-0.05792;0.257727273;23.87086957
1997-11-01;100.9735;-0.044619305;0.066532912;5.52;6.453809524;6.414761905;6.881904762;6.664761905;0.011899585;6.09;6.39;6.59;7.04;0.008051645;0.004150629;0.00123839;0.004123454;107.2;4.6;0.038696581;-0.322198333;0.000782473;2.21;5.18;5.225;2.254;5.776;5.308;5.845;2.698;5.88;1.178;6.061;-0.033475;0.162222222;32.20611111
1997-12-01;100.9373;0.062389282;-0.328657961;5.5;6.403181818;6.348181818;6.837727273;6.647272727;0.011899585;6.1;6.36;6.53;6.92;0.004201021;0.005475968;0.000618429;0.002043688;102.1;4.7;0.015032732;-0.150230685;-0.008600469;2.21;5.352;5.352;2.254;5.658;4.852;5.712;2.698;5.744;1.178;5.92;-0.1099;0.093636364;26.27636364
1998-01-01;100.8852;0.015139;0.082332439;5.56;6.146363636;6.111363636;6.626818182;6.315;0.0114732;5.76;6.03;6.29;6.78;0.004571355;-0.000386501;0.001236094;0.001447247;106.6;4.6;0.016908723;0.321112449;-0.011041009;2.21;5.172;5.183;2.254;5.325;4.647;5.384;2.698;5.516;1.178;5.807;-0.17126;0.1875;23.8665
1998-02-01;100.8171;0.019351982;0.542000811;5.51;6.232857143;6.176666667;6.738095238;6.410952381;0.0114732;5.85;6.11;6.36;6.86;0.001653882;0.005957925;0;-0.000543722;110.4;4.6;0.069294159;-0.333216998;-0.003189793;2.21;5.308;5.319;2.254;5.534;4.262;5.594;2.698;5.624;1.178;5.926;-0.383875;0.156842105;19.99894737
1998-03-01;100.7142;0.055275823;-0.144608451;5.49;6.315454545;6.245909091;6.810454545;6.483181818;0.0114732;5.97;6.2;6.42;6.88;0.000436511;0.004629791;0;0.006108269;106.5;4.7;0.045779132;0.252147814;-0.0024;2.21;5.125;5.125;2.254;5.567;4.853;5.623;2.698;5.658;1.178;5.935;-0.3541;0.085909091;20.15863636
1998-04-01;100.5738;0.024742769;0.208500021;5.45;6.278095238;6.231904762;6.783333333;6.460952381;0.011641486;5.97;6.19;6.4;6.85;0.003375558;0.00657357;0.001234568;0.01328546;108.7;4.3;0.015701208;0.358607555;0.001603849;2.21;4.967;5.061;2.254;5.709;5.344;5.786;2.698;5.82;1.178;6.081;-0.2594;0.073333333;22.02857143
1998-05-01;100.3974;0.039327746;0.077693084;5.49;6.278181818;6.250909091;6.792272727;6.456363636;0.011641486;5.98;6.2;6.42;6.84;0.006588968;0.00860386;0.002466091;0.00470901;106.5;4.4;-0.020768751;-0.019932664;0.001601281;2.21;5.007;5.017;2.254;5.534;4.933;5.558;2.698;5.558;1.178;5.802;-0.23024;0.059;20.874
1998-06-01;100.1969;-0.000104556;-0.183038945;5.56;6.151818182;6.144545455;6.669545455;6.329545455;0.011641486;5.92;6.11;6.28;6.65;-0.005904872;0.005789753;0.001230012;0.007910957;105.6;4.5;0.039266079;0.221294837;-0.002398082;2.21;5.083;5.083;2.254;5.475;4.579;5.469;2.698;5.446;1.178;5.63;-0.202425;-0.023636364;21.66272727
1998-07-01;100.0033;0.014761799;0.201609899;5.54;6.145652174;6.116956522;6.682173913;6.364782609;0.016878827;5.91;6.08;6.28;6.69;-0.003969018;0.003116644;0.002457002;-0.006915137;105.2;4.5;-0.010374285;0.093571823;0.000801282;2.21;5.069;5.09;2.254;5.492;4.335;5.506;2.698;5.494;1.178;5.713;-0.2952;0.003181818;19.93
1998-08-01;99.8412;0.021374377;0.11450723;5.55;6.064761905;6.029047619;6.681904762;6.258571429;0.016878827;5.79;5.98;6.26;6.7;0.020627235;0.005942275;0.00122549;-0.005608799;104.4;4.5;-0.141179546;0.72940787;-0.005604484;2.21;4.808;4.924;2.254;4.876;4.358;4.912;2.698;5.048;1.178;5.258;0.3406;0.073333333;31.58809524
1998-09-01;99.74314;-0.11954766;0.081730222;5.51;5.900454545;5.845454545;6.730454545;6.151818182;0.016878827;5.42;5.59;5.97;6.68;-0.001046645;0.006852321;0.000611995;0.00975491;100.9;4.6;0.059895272;0.00308219;-0.003220612;2.21;4.281;4.356;2.254;4.302;4.179;4.238;2.698;4.422;1.178;4.978;0.790475;0.14047619;38.2047619
1998-10-01;99.74425;0.012208854;0.059472406;5.07;5.678695652;5.577826087;6.639130435;6.029130435;0.018955395;5.11;5.55;5.91;6.72;0.007002773;0.005565241;0.002446483;0.017443909;97.4;4.5;0.084899469;-0.075055732;0.001615509;2.21;4.302;4.333;2.254;4.115;4.604;4.229;2.698;4.603;1.178;5.153;1.0908;0.438095238;36.60818182
1998-11-01;99.84792;0.106119207;0.074400067;4.83;5.927619048;5.794285714;6.958095238;6.289047619;0.018955395;5.5;5.78;6.1;6.8;-0.000985026;0.00276722;0.001220256;0.007522223;102.7;4.4;0.055682141;-0.452668986;-0.003225806;2.21;4.502;4.502;2.254;4.509;4.336;4.484;2.698;4.722;1.178;5.074;0.2936;0.287368421;26.223
1998-12-01;100.017;0.054977471;-0.269707518;4.68;5.740909091;5.564090909;6.699545455;5.961363636;0.018955395;5.41;5.6;5.88;6.59;0.004038774;0.009159823;0.001828154;0.009247786;100.5;4.4;0.061894495;0.144150797;-0.006472492;2.21;4.468;4.468;2.254;4.542;4.417;4.538;2.698;4.658;1.178;5.096;0.38565;0.138636364;25.47909091
1999-01-01;100.226;0.010535139;0.02322577;4.63;5.707619048;5.648571429;6.71;5.998571429;0.012663128;5.46;5.65;5.9;6.59;0.004224;0.000560086;0.001824818;0.003665219;103.9;4.3;0.038664327;-0.093623079;0.000814332;2.21;4.447;4.468;2.254;4.583;4.176;4.542;2.698;4.653;1.178;5.088;0.31706;0.106842105;28.03526316
1999-02-01;100.4387;0.001615694;0.205595138;4.76;5.957619048;5.903809524;6.883333333;6.236666667;0.012663128;5.64;5.89;6.15;6.72;0.005719513;0.004165363;0;0.01005817;108.1;4.4;-0.032068548;0.164093227;-0.004882018;2.21;4.657;4.675;2.254;5.15;4.164;5.241;2.698;5.294;1.178;5.58;0.076975;0.122631579;28.82263158
1999-03-01;100.6299;-0.006570473;-0.075300255;4.81;6.08826087;6.04826087;6.997391304;6.363478261;0.012663128;5.75;6.1;6.37;6.9;0.002207996;0.00554171;0.000607165;0.005158011;105.7;4.2;0.038948465;-0.099825725;0.002452984;2.21;4.487;4.48;2.254;4.991;4.253;5.107;2.698;5.242;1.178;5.625;0.0624;0.179565217;25.30956522
1999-04-01;100.7973;0.051183992;0.223379299;4.74;6.023636364;5.976363636;6.875454545;6.273636364;0.012168707;5.61;6.01;6.31;6.87;0.002217918;0.010842981;0.006674757;0.007123478;104.6;4.3;0.040491805;0.057794294;0.008156607;2.21;4.532;4.54;2.254;5.066;4.543;5.211;2.698;5.35;1.178;5.662;-0.00176;0.207727273;23.47857143
1999-05-01;100.9408;0.066887277;0.120479688;4.74;6.342380952;6.281904762;7.155238095;6.595238095;0.012168707;5.9;6.35;6.69;7.16;0.006129469;0.005258489;0.000602773;0.009596703;106.8;4.2;-0.02286552;0.164658765;0.008899676;2.21;4.635;4.643;2.254;5.401;4.538;5.585;2.698;5.624;1.178;5.83;0.08005;0.285;26.2045
1999-06-01;101.0497;-0.01173149;-0.110833893;4.76;6.730454545;6.655;7.540909091;6.986818182;0.012168707;6.3;6.8;7.13;7.48;-0.000672266;0.004524959;0;0.002888836;107.3;4.3;0.052202284;-0.119817448;0.004009623;2.21;4.753;4.794;2.254;5.516;4.385;5.649;2.698;5.785;1.178;5.964;0.0481;0.280909091;23.62636364
1999-07-01;101.1277;0.039208992;-0.039699443;4.99;6.671304348;6.597391304;7.495652174;6.935217391;0.016839436;6.24;6.72;7.06;7.44;0.005956264;0.004360813;0.004216867;0.008818342;106;4.3;-0.028097402;-0.280182237;0.00399361;2.21;4.745;4.75;2.254;5.617;4.967;5.793;2.698;5.902;1.178;6.107;0.13472;0.237142857;21.04904762
1999-08-01;101.1846;-0.00848392;0.029133666;5.07;6.935909091;6.858181818;7.760454545;7.205909091;0.016839436;6.46;7.02;7.31;7.65;0.004354631;0.007045614;0.00239952;0.011190521;104.5;4.2;-0.005178131;0.23564461;0.009546539;2.21;4.972;4.982;2.254;5.736;5.619;5.874;2.698;5.974;1.178;6.066;0.209325;0.260909091;24.32363636
1999-09-01;101.2347;0.009657646;0.106112648;5.22;6.926363636;6.838181818;7.781363636;7.236363636;0.016839436;6.46;6.97;7.25;7.68;-0.004194987;0.008623004;0.004189108;0.003867842;107.2;4.2;-0.025083395;0.175243255;0.008668243;2.21;4.794;4.866;2.254;5.591;6.082;5.752;2.698;5.881;1.178;6.049;0.263425;0.253333333;24.54142857
1999-10-01;101.2864;-0.062697623;-0.097996748;5.2;7.061818182;6.969545455;7.945909091;7.372272727;0.022045137;6.64;7.16;7.41;7.82;0.012880303;0.003898849;0.001787843;0.000303182;103.2;4.1;0.067074898;0.171793988;-0.00234375;2.21;5.093;5.093;2.254;5.765;6.346;5.944;2.698;6.028;1.178;6.166;0.3152;0.2495;24.02142857
1999-11-01;101.3406;0.040555217;0.254824872;5.42;6.952272727;6.856818182;7.835454545;7.252727273;0.022045137;6.63;7;7.24;7.6;0.005304361;0.005817762;0.001784652;0.012590874;107.2;4.1;0.016650954;-0.364717872;0.004698512;2.21;5.285;5.316;2.254;6.026;6.484;6.111;2.698;6.193;1.178;6.288;0.09435;0.172;21.81809524
1999-12-01;101.3789;0.015785087;-0.061505774;5.3;7.140869565;7.056086957;7.996086957;7.423478261;0.022045137;6.86;7.2;7.46;7.77;0.008037407;0.014312962;0.002375297;0.020540941;105.4;4;0.054521388;-0.028093716;-0.003897116;2.21;5.207;5.229;2.254;6.243;6.272;6.342;2.698;6.435;1.178;6.482;0.1043;0.170909091;22.15909091
2000-01-01;101.3746;0.036938461;-0.0255847;5.45;7.5;7.439047619;8.239047619;7.696190476;0.010303865;7.19;7.56;7.82;7.98;-0.000737765;0.000290475;0.002962085;-0.008346742;112;4;-0.04745496;0.289983568;0.003912363;2.21;5.692;5.697;2.254;6.612;6.428;6.685;2.698;6.662;1.178;6.488;-0.049575;0.221;23.202
2000-02-01;101.3109;-0.046174291;0.209141668;5.73;7.512857143;7.394761905;8.154761905;7.695238095;0.010303865;7.39;7.74;7.83;7.9;0.003397316;0.012593804;0.004134672;0.015186743;111.3;4.1;-0.015225939;0.192430606;0.011691348;2.21;5.792;5.78;2.254;6.534;6.886;6.593;2.698;6.409;1.178;6.135;0.088325;-0.091;23.5955
2000-03-01;101.2154;-0.073346742;-0.043721274;5.85;7.500869565;7.312608696;8.175217391;7.659130435;0.010303865;7.36;7.67;7.75;7.92;0.003898155;0.009237318;0.005882353;0.01089292;107.1;4;0.09413358;0.324473904;0.00770416;2.21;5.86;5.86;2.254;6.483;7.059;6.316;2.698;6.002;1.178;5.831;-0.00264;-0.27173913;22.71826087
2000-04-01;101.0973;0.079767971;0.297110007;6.02;7.4175;7.1935;8.294;7.6095;0.024548751;7.33;7.57;7.67;7.91;0.006411976;-0.001106708;-0.000584795;-0.015987191;109.2;3.8;-0.032668341;-0.074107746;-0.000764526;2.21;5.813;5.812;2.254;6.698;7.625;6.54;2.698;6.218;1.178;5.964;0.362625;-0.413157895;27.16421053
2000-05-01;100.9511;0.001176061;-0.144667348;6.27;7.890434783;7.639565217;8.809130435;8.124347826;0.024548751;7.76;8.09;8.22;8.36;0.002738343;0.004581456;0.001755413;0.001505099;110.7;4;-0.015722608;-0.297593592;0.006885998;2.21;5.613;5.619;2.254;6.684;7.79;6.567;2.698;6.285;1.178;6;0.378325;-0.369090909;26.37318182
2000-06-01;100.7858;-0.008589756;-0.059339996;6.53;7.6;7.351818182;8.507272727;7.89;0.024548751;7.43;7.7;7.87;8.01;0.000753194;0.005544212;0.005841121;0.007956913;106.4;4;0.017286835;-0.210390998;0.016717325;2.21;5.86;5.86;2.254;6.366;7.368;6.186;2.698;6.027;1.178;5.898;0.38552;-0.384545455;21.54
2000-07-01;100.6021;-0.018345662;-0.007256565;6.54;7.497142857;7.283333333;8.368571429;7.78952381;0.006874212;7.33;7.6;7.78;7.9;-0.001739643;0.00320147;0.0029036;-0.003965184;108.3;4;-0.013385379;-0.160177277;-0.000747384;2.21;6.203;6.214;2.254;6.317;6.892;6.155;2.698;6.04;1.178;5.783;0.129575;-0.285;19.893
2000-08-01;100.3853;0.011443641;-0.143691255;6.5;7.399130435;7.099130435;8.223478261;7.637391304;0.006874212;7.23;7.46;7.62;7.82;-0.002677558;0.005067593;0;0.00161828;107.3;4.1;0.065341534;-0.041342909;-0.005983545;2.21;6.307;6.312;2.254;6.192;6.904;5.975;2.698;5.729;1.178;5.665;0.010175;-0.402608696;18.08869565
2000-09-01;100.1324;0.055551691;0.114129314;6.52;7.315454545;7.021818182;8.167727273;7.555454545;0.006874212;7.06;7.29;7.61;7.93;0.003975282;0.012612454;0.005211349;0.017210877;106.8;3.9;-0.057230641;0.10587063;0.013544018;2.21;6.209;6.22;2.254;6.004;6.708;5.858;2.698;5.808;1.178;5.888;0.05854;-0.2825;19.6875
2000-10-01;99.8263;-0.02908785;0.2900761;6.51;7.216363636;6.932727273;8.22;7.486818182;0.01139534;6.96;7.24;7.59;7.98;-0.003479793;0.00075487;0.001728111;-0.002446027;105.8;3.9;-0.00217772;0.57586283;0.005196733;2.21;6.351;6.371;2.254;5.948;5.925;5.813;2.698;5.761;1.178;5.787;0.378;-0.173809524;25.2
2000-11-01;99.47723;0.043270093;0.317859052;6.51;7.170909091;6.94;8.368636364;7.535454545;0.01139534;6.98;7.28;7.58;7.95;0.000215885;0.002320926;0.001725129;-0.003542697;107.6;3.9;-0.074652782;-0.121599911;-0.00295421;2.21;6.207;6.218;2.254;5.658;5.858;5.444;2.698;5.478;1.178;5.609;0.305075;-0.158095238;26.38285714
2000-12-01;99.10059;-0.045695018;-0.234171018;6.4;6.753809524;6.476666667;8.10047619;7.204761905;0.01139534;6.58;6.85;7.18;7.71;-0.003409172;0.006136212;0.002296211;0.00130627;98.4;3.9;-0.008268447;0.055627349;0.008888889;2.21;5.869;5.869;2.254;5.129;5.997;4.984;2.698;5.112;1.178;5.456;0.63918;-0.1115;26.5305
2001-01-01;98.75633;0.014875435;0.113109748;5.98;6.379545455;6.127272727;7.731818182;6.951818182;0.0033047;6;6.5;6.95;7.48;-0.004933625;0.005063145;0.005727377;0.007963041;94.7;4.2;0.04766284;0.095998167;0.027900147;2.21;4.978;4.978;2.254;4.58;5.944;4.779;2.698;5.112;1.178;5.504;0.45475;0.400952381;24.91857143
2001-02-01;98.49178;0.007436275;0.116318993;5.49;6.225;6.012;7.5355;6.7475;0.0033047;5.86;6.41;6.85;7.4;-0.006516466;0.002060852;0.002277904;0.000197899;90.6;4.2;-0.095387433;-0.014834271;-0.018571429;2.21;4.869;4.869;2.254;4.398;5.932;4.665;2.698;4.904;1.178;5.315;0.39915;0.442105263;23.41157895
2001-03-01;98.32012;-0.014278958;-0.287037483;5.31;5.975652174;5.743478261;7.356086957;6.523043478;0.0033047;5.52;6.15;6.64;7.3;-0.002616892;-0.000728384;0.000568182;-0.009402305;91.5;4.3;-0.058571951;0.781493447;-0.010917031;2.21;4.291;4.292;2.254;4.209;5.687;4.551;2.698;4.915;1.178;5.445;0.6293;0.543181818;28.49681818
2001-04-01;98.23295;-0.031540569;0.453679238;4.8;6.049;5.809;7.53;6.563;0.012298583;5.35;6.19;6.82;7.51;-0.003550695;0.001071934;0.001703578;0.017716756;88.4;4.4;0.088362486;-0.208517187;0.003679176;2.21;3.88;3.88;2.254;4.301;5.406;4.888;2.698;5.336;1.178;5.786;0.726475;0.907;28.134
2001-05-01;98.20492;0.058905211;-0.127193471;4.21;6.084347826;5.850434783;7.363043478;6.553913043;0.012298583;5.27;6.29;6.92;7.49;-0.00519788;0.006938694;0.005102041;0.001785974;92;4.3;-0.0056059;-0.173918965;0.002932551;2.21;3.642;3.642;2.254;4.217;5.225;4.912;2.698;5.385;1.178;5.756;0.32905;1.131363636;22.94409091
2001-06-01;98.18047;0.022437468;-0.133026712;3.97;5.914545455;5.684090909;7.182272727;6.394090909;0.012298583;5.08;6.14;6.78;7.34;-0.0054289;0.002396211;0.002256063;-0.00468619;92.6;4.5;-0.026597045;-0.021446837;-0.009502924;2.21;3.672;3.673;2.254;4.253;5.035;4.97;2.698;5.404;1.178;5.761;0.37268;1.204285714;20.94047619
2001-07-01;98.13448;-0.056145732;0.066482936;3.77;5.847272727;5.65;7.147272727;6.298181818;-9.25E-05;4.98;6.07;6.73;7.29;-0.006034465;0.001782254;-0.001688239;-0.004035084;92.4;4.6;-0.007380866;-0.032838978;-0.015498155;2.21;3.549;3.549;2.254;3.801;5.556;4.525;2.698;5.055;1.178;5.526;0.354525;1.197619048;22.31619048
2001-08-01;98.06985;0.009807705;-0.058547785;3.65;5.556956522;5.361304348;6.917391304;6.025652174;-9.25E-05;4.64;5.8;6.5;7.14;-0.00104678;0.005563165;0;0.006177939;91.5;4.9;-0.059332532;0.369270299;0;2.21;3.378;3.378;2.254;3.559;5.896;4.379;2.698;4.84;1.178;5.371;0.31812;1.213913043;21.86173913
2001-09-01;98.02774;-0.040906906;-0.111748706;3.07;5.322222222;5.06;6.892777778;5.912222222;-9.25E-05;4.25;5.59;6.51;7.36;-0.005213581;-0.016105705;0.003945885;-0.018522156;81.8;5;-0.085063401;0.554735615;-0.000749625;2.21;2.37;2.371;2.254;2.851;6.196;3.806;2.698;4.59;1.178;5.422;1.12755;1.612941176;35.06533333
2001-10-01;98.07901;-0.093907982;0.355357313;2.49;4.954347826;4.793913043;6.766086957;5.774782609;0.005892138;3.89;5.35;6.26;7.09;-0.003104844;0.029384901;-0.002807412;0.07266105;82.7;5.3;0.016822449;0.222962042;-0.022505626;2.125;2.038;2.038;2.254;2.375;6.42;3.473;2.698;4.244;1.178;4.872;0.82495;1.840909091;32.72130435
2001-11-01;98.24995;0.030983127;0.033028798;2.09;4.952272727;4.798636364;6.855454545;5.768181818;0.005892138;3.8;5.33;6.14;6.84;-0.005828542;-0.004242399;-0.000563063;-0.027929209;83.9;5.5;0.07797732;-0.273300274;-0.003837299;1.85;1.782;1.782;2.254;2.846;6.287;4.061;2.698;4.754;1.178;5.286;0.62908;1.869;26.63095238
2001-12-01;98.51912;0.075296747;-0.185954926;1.82;5.2285;5.05;7.0975;6.0295;0.005892138;4.01;5.68;6.48;6.97;-0.000489318;-0.002172006;-0.00056338;-0.015219911;88.8;5.7;0.002191897;-0.172103405;-0.013097072;1.72;1.736;1.736;2.254;3.12;6.37;4.337;2.698;5.029;1.178;5.469;0.65715;1.9805;23.72
2002-01-01;98.83097;0.030318269;-0.083953171;1.73;5.09;4.965909091;6.899090909;5.913636364;0.011541241;3.89;5.55;6.38;6.84;0.007196497;0.002497663;0.001691094;-0.00094329;93;5.7;-0.006392775;0.132865051;0.00312256;1.69;1.777;1.777;2.254;3.195;6.53;4.374;2.698;5.046;1.178;5.438;0.4618;2.007619048;22.25285714
2002-02-01;99.12669;-0.010874078;0.160985785;1.74;5.091;5.014;7.048;5.9505;0.011541241;4.04;5.54;6.31;6.77;-4.52E-06;0.005650976;0.001688239;0.005317841;90.7;5.7;-0.017935575;0.214988265;-0.00077821;1.766;1.756;1.756;2.254;3.049;6.274;4.201;2.698;4.874;1.178;5.419;0.47225;1.896315789;22.87578947
2002-03-01;99.3493;0.02721332;-0.06368319;1.73;5.491428571;5.50047619;7.348571429;6.191904762;0.011541241;4.43;5.86;6.57;7.04;0.007423182;0.002518961;0.002808989;-0.00237125;95.7;5.7;0.030319151;-0.091672976;0.010903427;1.761;1.807;1.808;2.254;3.722;5.873;4.818;2.698;5.406;1.178;5.801;0.1958;1.7265;18.985
2002-04-01;99.44236;0.022282634;-0.003562061;1.75;5.367727273;5.522727273;7.355909091;6.069545455;0.009640655;4.26;5.72;6.5;7.04;0.004829292;0.009539719;0.004481793;0.016626533;93;5.9;-0.05545789;0.048972958;0.00770416;1.772;1.782;1.782;2.254;3.261;5.687;4.432;2.698;5.089;1.178;5.596;0.341525;1.788181818;19.90045455
2002-05-01;99.38569;-0.058994324;0.146132468;1.75;5.313478261;5.38826087;7.494347826;5.932608696;0.009640655;4.14;5.61;6.47;7.04;0.004252221;-0.00322735;0.001115449;-0.014387773;96.9;5.8;-0.005933826;0.119085647;0;1.72;1.746;1.746;2.254;3.203;6.028;4.357;2.698;5.045;1.178;5.617;0.24238;1.900454545;20.08772727
2002-06-01;99.18794;-0.026985643;-0.059780378;1.75;5.033809524;5.203809524;6.932380952;5.673809524;0.009640655;3.74;5.25;6.2;6.89;0.008260502;0.004609749;0.000557103;0.008591739;92.4;5.8;-0.07703795;0.181732621;0.000764526;1.7;1.7;1.7;2.254;2.821;6.044;4.041;2.698;4.809;1.178;5.514;0.645725;1.9335;25.271
2002-07-01;98.90242;-0.073827918;0.2210949;1.73;4.850869565;5.079565217;7.196086957;5.536086957;0.008870756;3.45;5.03;6.11;6.96;-0.000346284;0.008849437;0.002227171;0.011482528;88.1;5.8;-0.07559516;1.10185732;0.002291826;1.731;1.705;1.705;2.254;2.242;6.226;3.481;2.698;4.459;1.178;5.308;1.010775;2.096363636;34.04954545
2002-08-01;98.59718;-0.015538537;0.291833605;1.74;4.58173913;4.695217391;7.143043478;5.324782609;0.008870756;3.21;4.76;5.89;6.83;-0.001081135;0.003424797;0.002777778;0.008653989;87.6;5.7;0.006801045;-0.167274006;0.002286585;1.71;1.689;1.69;2.254;2.138;6.574;3.188;2.698;4.13;1.178;4.928;0.94548;2.123636364;33.74272727
2002-09-01;98.31361;-0.024704357;-0.294344602;1.75;4.306666667;4.441904762;6.758571429;5.025714286;0.008870756;3.06;4.38;5.53;6.48;0.00100058;-0.002846505;0.00166205;-0.01666522;86.1;5.7;-0.10884737;0.082929;0.00608365;1.593;1.551;1.551;2.254;1.691;6.404;2.564;2.698;3.6;1.178;4.67;1.2153;1.8655;37.6475
2002-10-01;98.0901;-0.108557722;0.002225649;1.75;4.353913043;4.645652174;7.222173913;5.236956522;0.00704595;3.12;4.6;5.68;6.71;-0.002581696;0.005912196;0.002212389;0.005091587;80.6;5.7;0.087135561;0.325912585;0.006802721;1.568;1.515;1.454;2.254;1.756;6.35;2.811;2.698;3.895;1.178;4.99;1.0494;2.029090909;35.24304348
2002-11-01;97.94226;0.08922826;0.343435038;1.34;4.212727273;4.507272727;6.645909091;4.934090909;0.00704595;3.05;4.52;5.53;6.54;0.005468779;0.003846568;0.001655629;0.006165228;84.2;5.9;0.061680787;-0.391300311;-0.000750751;1.262;1.254;1.254;2.254;2.06;6.227;3.261;2.698;4.211;1.178;5.042;0.83678;2.125263158;28.175
2002-12-01;97.843;0.061876511;-0.288461553;1.24;4.014761905;4.404761905;6.271904762;4.731428571;0.00704595;2.82;4.33;5.39;6.38;-0.005605153;0.007516279;0.001652893;0.008961634;86.7;6;-0.0611824;-0.109939781;-0.00150263;1.211;1.219;1.219;2.254;1.59;5.793;2.729;2.698;3.818;1.178;4.782;0.779675;2.196190476;28.21047619
2003-01-01;97.77079;-0.055373423;-0.136810884;1.24;3.84;4.332727273;6.016363636;4.593636364;0.010188192;2.6;4.22;5.28;6.33;0.008258748;0.002845783;0.00440044;0.004888504;82.4;5.8;-0.019801916;0.251321631;0.018058691;1.165;1.177;1.202;2.254;1.697;6.092;2.936;2.698;3.966;1.178;4.84;0.70462;2.305238095;27.42428571
2003-02-01;97.73673;-0.0670344;0.178175258;1.26;3.621;4.185;5.7945;4.371;0.010188192;2.37;3.97;5.1;6.16;0.001258566;0.000968003;0.005476451;-0.015125547;79.9;5.9;-0.013479367;-0.053846734;0.016999261;1.201;1.203;1.202;2.254;1.516;5.853;2.665;2.698;3.692;1.178;4.693;0.73405;2.274736842;32.21842105
2003-03-01;97.77344;-0.042980793;-0.187016704;1.25;3.511428571;4.063333333;5.72047619;4.221428571;0.010188192;2.23;3.82;5;6.13;-0.002677254;0.008332671;0.001633987;0.017599587;77.6;5.9;-0.001884722;0.341690323;0.026162791;1.16;1.127;1.12;2.254;1.501;5.688;2.706;2.698;3.802;1.178;4.835;0.579325;2.233333333;30.63428571
2003-04-01;97.90826;0.000209361;0.271237035;1.26;3.526666667;4.091428571;5.532380952;4.237142857;0.012406963;2.25;3.86;5.01;6.11;-0.006349039;0.003021743;-0.003806417;-0.002326189;86;6;0.088985173;-0.138957681;-0.031161473;1.129;1.127;1.14;2.254;1.486;5.807;2.75;2.698;3.84;1.178;4.785;0.31235;2.336190476;23.99190476
2003-05-01;98.13507;0.035919109;-0.085421029;1.26;3.116086957;3.730869565;4.938695652;3.739130435;0.012406963;1.94;3.38;4.57;5.68;-0.000230017;0.002069553;-0.001637555;0.000617522;92.1;6.1;0.054836438;-0.115051367;-0.000730994;1.165;1.111;1.099;2.254;1.349;5.675;2.29;2.698;3.373;1.178;4.378;0.31494;2.153809524;20.23952381
2003-06-01;98.42633;-0.002483827;-0.051846013;1.22;2.90047619;3.526190476;4.648095238;3.497142857;0.012406963;1.72;3.11;4.32;5.53;0.001266491;0.006444192;0.001093494;0.01134791;89.7;6.3;0.007013599;-0.015359669;0.009509876;0.783;0.917;0.96;2.254;1.344;5.33;2.413;2.698;3.516;1.178;4.559;0.278975;2.107142857;20.36238095
2003-07-01;98.76741;0.002460995;0.028949721;1.01;3.29826087;3.949130435;5.013478261;3.956956522;0.022443936;1.95;3.63;4.88;6.04;0.005167816;0.007454933;0.003276898;0.010932114;90.9;6.2;0.021705008;0.031441517;-0.002173913;0.89;0.938;1.032;2.254;1.756;5.548;3.213;2.698;4.41;1.178;5.338;0.116925;2.501363636;19.16136364
2003-08-01;99.14732;0.070613629;-0.015920381;1.03;3.82;4.369090909;5.482272727;4.428636364;0.022443936;2.34;4.2;5.38;6.46;-0.002239816;0.012259894;0.004354927;0.016875677;89.3;6.1;0.020626075;-0.136897026;0.002178649;0.977;0.973;1.053;2.254;1.978;5.587;3.464;2.698;4.47;1.178;5.22;0.17034;2.580952381;19.27428571
2003-09-01;99.55428;0.002356786;-0.227142266;1.01;3.612727273;4.113636364;5.207272727;4.225454545;0.022443936;2.14;3.96;5.19;6.24;0.00657702;0.000203767;0.003252033;-0.005522278;87.7;6.1;-0.014689274;0.05928728;0.003623188;0.875;0.948;1.022;2.254;1.464;5.752;2.82;2.698;3.94;1.178;4.873;0.01825;2.568095238;19.53238095
2003-10-01;99.96671;-0.04103066;0.156316549;1.01;3.570869565;4.06;5.123478261;4.173043478;0.017772187;2.15;3.91;5.15;6.21;0.001286893;0.001744401;-0.001080497;-0.006026842;89.6;6;0.057571737;0.016111526;0.005776173;0.961;0.953;1.037;2.254;1.83;5.543;3.225;2.698;4.297;1.178;5.131;-0.2106;2.542727273;18.02347826
2003-11-01;100.351;0.032441534;0.089882947;1;3.67952381;4.1;5.124285714;4.220952381;0.017772187;2.33;3.97;5.13;6.15;0.006841493;0.007016295;0.000540833;0.012861947;93.7;5.8;0.01092069;-0.241729569;-0.0028715;0.956;0.937;1.047;2.254;2.07;5.491;3.254;2.698;4.334;1.178;5.062;-0.289575;2.373333333;17.40105263
2003-12-01;100.673;-0.017423412;-0.260871845;0.98;3.631363636;4.065454545;4.983181818;4.153181818;0.017772187;2.29;3.93;5.08;6.11;0.000496057;0.003508949;0.002702703;-0.002464984;92.6;5.7;0.045373624;0.075629719;0.004319654;0.895;0.927;1.022;2.254;1.837;5.462;3.213;2.698;4.253;1.178;5.072;-0.2981;2.360454545;16.82636364
2004-01-01;100.9156;0.067486473;0.177173709;1;3.478181818;3.916363636;4.747727273;3.989090909;0.012844886;2.13;3.76;4.94;6;0.001679465;0.007131717;0.004312668;0.004686397;103.8;5.7;0.024588448;0.087452738;0.013620072;0.844;0.917;1.001;2.254;1.609;4.726;3.139;2.698;4.134;1.178;4.954;-0.41554;2.3895;16.101
2004-02-01;101.0607;0.026636293;0.04697908;1.01;3.400952381;3.885714286;4.714761905;3.944285714;0.012844886;2.11;3.73;4.9;5.98;0.006068647;0.004158809;0.002147075;0.007238816;94.4;5.6;0.013570671;-0.08228174;0.004950495;0.946;0.948;1.006;2.254;1.647;4.554;2.94;2.698;3.972;1.178;4.841;-0.49055;2.344210526;15.99842105
2004-03-01;101.1279;0.017049594;-0.128498687;1;3.191304348;3.673478261;4.529130435;3.740869565;0.012844886;1.91;3.45;4.65;5.8;-0.003819683;0.00726332;0.002142475;0.018783905;95.8;5.8;-0.016692805;0.661805447;0.007037298;0.956;0.943;0.996;2.254;1.572;1.573;2.778;2.698;3.837;1.178;4.77;-0.44245;2.248695652;17.6873913
2004-04-01;101.1298;-0.041281666;0.301351293;1;3.670952381;4.109047619;5.001428571;4.242857143;0.015881984;2.42;4.03;5.16;6.17;0.004075325;0.001037191;0.001603421;-0.011379796;94.2;5.6;-0.015481608;-0.139006629;0.011879804;0.829;0.968;1.145;2.254;2.294;1.599;3.599;2.698;4.51;1.178;5.27;-0.59168;2.276666667;15.69857143
2004-05-01;101.0868;0.033820631;-0.080179799;1;4.113333333;4.552857143;5.443333333;4.686190476;0.015881984;2.94;4.55;5.59;6.46;0.007256516;0.008547957;0.004268943;0.018731092;90.2;5.6;0.017122869;0.012866747;0.013812155;0.931;1.06;1.387;2.254;2.455;2.169;3.714;2.698;4.665;1.178;5.318;-0.497225;2.182;17.705
2004-06-01;101.0088;-0.008714747;-0.117581569;1.03;4.265454545;4.657727273;5.513636364;4.804545455;0.015881984;3.2;4.64;5.63;6.44;-0.007711805;-0.002311502;0.003719447;-0.01428958;95.6;5.6;0.014797533;-0.264201155;0.002724796;1.15;1.28;1.65;2.254;2.679;2.499;3.768;2.698;4.583;1.178;5.29;-0.6378;1.97047619;15.34272727
2004-07-01;100.9017;0.003456446;0.030604178;1.26;4.096956522;4.471304348;5.306521739;4.615217391;0.015891599;3.06;4.4;5.39;6.26;0.007419604;0.009720996;0.001058761;0.011350318;96.7;5.5;-0.028685932;0.322406316;0.001358696;1.252;1.439;1.754;2.254;2.628;1.868;3.689;2.698;4.491;1.178;5.199;-0.5526;1.85952381;15.50238095
2004-08-01;100.782;-0.034520058;0.076554023;1.43;3.940454545;4.267272727;5.139545455;4.436818182;0.015891599;2.93;4.21;5.18;6.12;0.00087332;0.00421275;0.000528821;0.002028828;95.9;5.4;0.002435708;-0.033235451;0.004070556;1.457;1.583;1.78;2.254;2.515;2.248;3.325;2.698;4.24;1.178;4.916;-0.5138;1.773181818;16.68409091
2004-09-01;100.6772;-0.006973311;-0.163577551;1.61;3.840909091;4.144090909;4.969090909;4.321818182;0.015891599;2.93;4.05;4.99;5.95;0.001164122;0.008450602;0.003171247;0.018052309;94.2;5.4;0.005850112;-0.143028762;-0.002027027;1.461;1.695;1.976;2.254;2.593;2.558;3.321;2.698;4.123;1.178;4.842;-0.645475;1.60047619;14.09285714
2004-10-01;100.606;-0.050274526;0.243280449;1.76;3.831363636;4.121818182;4.935909091;4.303181818;0.018033439;2.99;4.02;4.96;5.91;0.00880397;0.006665468;0.005268704;0.006740829;91.7;5.5;0.017100904;0.320118843;0.015572106;1.746;1.894;2.126;2.254;2.552;2.304;3.28;2.698;4.029;1.178;4.789;-0.6086;1.5125;14.97380952
2004-11-01;100.5774;-0.037836283;0.137759232;1.93;4.001363636;4.29;5.025909091;4.435454545;0.018033439;3.28;4.14;5.01;5.88;0.002462802;0.005644806;0.004716981;0.003598597;92.8;5.4;0.041431363;-0.078988475;0.009333333;2.067;2.212;2.427;2.254;3.001;2.211;3.686;2.698;4.355;1.178;4.959;-0.855475;1.342;13.57761905
2004-12-01;100.5641;0.013584065;0.063031385;2.16;4.081818182;4.319090909;5.043181818;4.469090909;0.018033439;3.42;4.17;5.01;5.82;0.007833333;0.007093374;0;0.012107625;97.1;5.4;0.028316236;-0.054525174;-0.007926024;1.873;2.207;2.566;2.254;3.065;2.162;3.606;2.698;4.222;1.178;4.823;-0.83884;1.219090909;12.45954545
2005-01-01;100.5298;0.045878458;0.024992278;2.28;4.317142857;4.336190476;5.127142857;4.593809524;0.019164038;3.63;4.26;5;5.71;0.003563855;-0.000787827;-0.000521648;-0.010231416;95.5;5.3;-0.017803006;0.302519044;0.004660453;2.01;2.447;2.701;2.254;3.28;1.938;3.7;2.698;4.132;1.178;4.588;-0.76605;0.999;13.438
2005-02-01;100.4673;0.003097832;-0.079302528;2.5;4.348;4.3805;5.1095;4.5925;0.019164038;3.78;4.3;4.91;5.53;0.007076325;0.007225485;0.004175365;0.01301332;94.1;5.4;0.020903753;-0.133931397;0.004638834;2.503;2.724;2.936;2.254;3.604;2.739;4.015;2.698;4.381;1.178;4.721;-0.946675;0.780526316;11.70894737
2005-03-01;100.3883;0.021782954;-0.051579916;2.63;4.695;4.701818182;5.502272727;4.930909091;0.019164038;4.13;4.69;5.23;5.77;-0.001289332;0.004591604;0.003638254;0.002498694;92.6;5.2;-0.022133775;0.297326348;0.013852243;2.62;2.766;3.114;2.254;3.783;2.983;4.172;2.698;4.488;1.178;4.76;-0.90065;0.770909091;13.12636364
2005-04-01;100.3296;-0.043122699;0.162157493;2.79;4.621363636;4.689545455;5.646818182;4.880909091;0.012169384;4.1;4.64;5.14;5.73;0.001979529;0.009304057;0.003107198;0.008137852;87.7;5.2;-0.014880839;0.227552496;0.008458035;2.661;2.869;3.134;2.254;3.658;3.078;3.902;2.698;4.2;1.178;4.515;-0.71642;0.687142857;14.45904762
2005-05-01;100.3169;0.007180615;0.003658023;3;4.531818182;4.588181818;5.645454545;4.8;0.012169384;4.11;4.52;4.98;5.63;0.001061804;-0.000783555;-0.000516262;-0.006531472;86.9;5.1;0.032224892;-0.182861579;-0.004516129;2.793;2.93;3.103;2.254;3.582;3.006;3.737;2.698;3.987;1.178;4.323;-0.698925;0.50047619;13.96761905
2005-06-01;100.3479;0.024442512;-0.17285842;3.04;4.448636364;4.485909091;5.259090909;4.702272727;0.012169384;4.1;4.43;4.83;5.44;0.004323348;0.009433092;0.000516529;0.030529267;96;5;-0.002511334;-0.183812158;0;2.992;3.101;3.313;2.254;3.645;2.708;3.703;2.698;3.921;1.178;4.194;-0.743075;0.357727273;11.86863636
2005-07-01;100.3969;-0.038294545;0.042906155;3.26;4.621363636;4.669090909;5.398636364;4.864090909;0.017023281;4.3;4.62;4.97;5.54;-0.003196128;0.011469829;0.006195147;0.008138552;96.5;5;0.042452114;0.079850979;0.012961763;3.236;3.389;3.637;2.254;4.023;2.815;4.132;2.698;4.282;1.178;4.473;-0.88;0.3065;11.049
2005-08-01;100.4674;0.032323822;-0.046444844;3.5;4.744782609;4.777826087;5.457826087;4.947826087;0.017023281;4.47;4.72;5.04;5.57;0.003325131;-0.0004179;0.006157004;-0.011080633;89.1;4.9;-0.009374378;0.110735094;0.008317338;3.4;3.503;3.707;2.254;3.82;2.758;3.862;2.698;4.014;1.178;4.258;-0.884975;0.21826087;12.95130435
2005-09-01;100.5737;-0.046050507;0.052013835;3.62;4.689545455;4.694090909;5.389545455;4.888181818;0.017023281;4.36;4.64;5;5.62;-0.01942563;0.005683552;0.013768485;0.002022281;76.9;5;0.003752567;-0.014970402;0.029187817;3.124;3.518;3.869;2.254;4.173;3.251;4.196;2.698;4.332;1.178;4.571;-0.82458;0.252857143;12.62809524
2005-10-01;100.7276;-0.011774696;0.035813261;3.78;4.991428571;4.985714286;5.708095238;5.201904762;0.013814726;4.71;4.97;5.28;5.85;0.01223223;0.004280706;0.001509054;-0.000624451;74.2;5;-0.019494607;0.386604092;0.024660912;3.74;3.867;4.206;2.254;4.386;3.224;4.445;2.698;4.557;1.178;4.752;-0.790775;0.1925;14.93761905
2005-11-01;100.9141;0.005948999;0.108241749;4;5.132272727;5.110909091;5.881818182;5.338636364;0.013814726;4.88;5.12;5.39;5.93;0.010958302;0.000861442;-0.005022602;0.009095623;81.6;5;0.043952047;-0.336683241;-0.015042118;3.996;3.937;4.33;2.254;4.415;3.402;4.43;2.698;4.49;1.178;4.705;-0.834225;0.1185;12.14761905
2005-12-01;101.0921;0.021821102;-0.074440867;4.16;5.097727273;5.086818182;5.880454545;5.323636364;0.013814726;4.9;5.09;5.35;5.86;0.004961275;0.003901098;0;0.000542606;91.5;4.9;-0.00717648;-0.093421421;-0.004276115;4.03;3.997;4.327;2.254;4.404;3.766;4.355;2.698;4.395;1.178;4.541;-0.7267;0.062857143;11.26
2006-01-01;101.2292;-0.012425958;-0.029370238;4.29;5.069047619;5.045714286;5.65;5.286666667;0.020635829;4.9;5.06;5.31;5.79;0.001548294;0.010076717;0.006057547;0.028311848;91.2;4.7;0.029442545;0.149806159;0.00797546;4.359;4.454;4.565;2.254;4.528;3.931;4.461;2.698;4.519;1.178;4.684;-0.944925;0.0205;12.036
2006-02-01;101.3152;-0.002995183;0.228909137;4.49;5.2665;5.2445;5.7845;5.462;0.020635829;5.16;5.26;5.47;5.83;0.00048303;0.002689713;0.000501756;-0.006753571;86.7;4.8;0.005725596;-0.071858031;-0.015216068;4.476;4.602;4.719;2.254;4.691;3.713;4.604;2.698;4.557;1.178;4.514;-1.0577;-0.099473684;12.47105263
2006-03-01;101.3445;0.006963742;-0.10511829;4.59;5.386521739;5.359130435;5.923043478;5.596521739;0.020635829;5.22;5.38;5.61;6.01;0.002158327;0.004056728;0.001504514;0.002180085;88.9;4.7;0.012477963;0.179466234;0.002472188;4.653;4.592;4.804;2.254;4.824;3.631;4.816;2.698;4.853;1.178;4.894;-1.06438;-0.01;11.69391304
2006-04-01;101.314;0.036657662;0.163380976;4.79;5.593;5.5585;6.153;5.821;0.011343642;5.36;5.57;5.87;6.32;0.002917985;0.006427312;0.005007511;0.00527318;87.4;4.7;0.016658468;-0.037348279;0.012946979;4.581;4.758;4.905;2.254;4.871;3.653;4.912;2.698;5.057;1.178;5.165;-1.06235;0.101578947;11.84736842
2006-05-01;101.2494;-0.019488206;-0.162631618;4.94;5.689565217;5.650869565;6.233913043;5.912608696;0.011343642;5.45;5.66;5.99;6.44;0.000286795;0.004373558;0.002989537;-0.002377845;79.1;4.6;-0.030121313;0.347927011;0.009129641;4.752;4.802;5.016;2.254;5.041;4.065;5.036;2.698;5.123;1.178;5.224;-0.996075;0.141818182;14.45454545
2006-06-01;101.191;-0.031284012;0.302900047;4.99;5.785909091;5.733636364;6.374090909;6.005909091;0.011343642;5.62;5.77;6.03;6.45;0.003419273;0.00301133;0.002483855;0.004319534;84.9;4.6;-0.00180338;0.234535946;0.001809409;4.484;4.976;5.23;2.254;5.162;3.825;5.102;2.698;5.145;1.178;5.189;-0.85854;-0.015454545;16.91863636
2006-07-01;101.1584;0.008701753;-0.044347738;5.24;5.78047619;5.724761905;6.382380952;6.017142857;0.008489813;5.61;5.75;6.01;6.42;-0.000629022;0.009093265;0.005450942;0.003156097;84.7;4.7;0.008918196;-0.218375775;0.004214329;5.014;5.048;5.133;2.254;4.967;4.17;4.907;2.698;4.988;1.178;5.07;-0.881975;-0.031;15.326
2006-08-01;101.1732;0.018847863;-0.196854637;5.25;5.558695652;5.516956522;6.175652174;5.798695652;0.008489813;5.4;5.52;5.79;6.25;0.004346315;-0.000171237;0.004435683;0.003454615;82;4.7;0.02182212;-0.160205626;0.006594724;5.124;5.03;5.099;2.254;4.788;4.403;4.696;2.698;4.732;1.178;4.879;-0.9622;-0.026956522;13.35173913
2006-09-01;101.2417;-0.004645955;-0.181262166;5.25;5.410909091;5.36;6.024090909;5.637727273;0.008489813;5.27;5.36;5.63;6.08;-0.001910259;0.003553767;-0.004906771;-0.006418217;85.4;4.5;0.02250464;-0.039889945;-0.014889815;4.581;4.851;4.99;2.254;4.691;4.417;4.585;2.698;4.633;1.178;4.764;-0.89726;-0.05;12.1845
2006-10-01;101.3425;0.035261927;-0.026975109;5.25;5.419545455;5.369545455;6.034545455;5.641818182;0.012211226;5.29;5.36;5.64;6.06;-0.000961493;0.001941251;-0.00443787;-0.001726293;93.6;4.4;0.036053194;0.058412339;-0.019347037;5.192;5.068;5.105;2.254;4.701;4.376;4.567;2.698;4.604;1.178;4.718;-0.991;-0.066666667;11.30636364
2006-11-01;101.4613;0.03930079;0.233884037;5.25;5.300454545;5.254545455;5.867272727;5.500454545;0.012211226;5.22;5.23;5.5;5.84;-0.000286506;0.000702606;0.000495295;0.002060878;92.1;4.5;0.019885395;0.040680389;0.014796547;5.252;5.014;5.083;2.254;4.621;4.487;4.447;2.698;4.462;1.178;4.563;-0.9626;-0.145238095;10.81761905
2006-12-01;101.5876;0.02918068;-0.14847157;5.24;5.241904762;5.200952381;5.834761905;5.463333333;0.012211226;5.13;5.15;5.44;5.83;0.010245527;0.009372141;0.005445545;0.010842975;91.7;4.4;0.007756476;-0.192604236;0.006075334;4.718;4.98;5.075;2.254;4.825;4.662;4.694;2.698;4.7;1.178;4.811;-0.94404;-0.109;10.9645
2007-01-01;101.7092;0.041089121;-0.081682383;5.25;5.412727273;5.375;5.993181818;5.633636364;0.012542487;5.33;5.35;5.63;5.98;-0.00354702;0.005311805;0.001659281;0.00101576;96.9;4.6;0.020695578;0.096946972;-0.009661836;4.987;5.103;5.132;2.254;4.925;4.828;4.809;2.698;4.814;1.178;4.911;-1.052725;-0.116666667;11.0425
2007-02-01;101.8268;0.024974508;0.152861504;5.26;5.3775;5.333;5.9145;5.584;0.012542487;5.3;5.29;5.61;5.93;0.009727628;0.002862025;0.003878351;0.00235955;91.3;4.5;-0.019617467;0.123442313;0.017073171;5.232;5.114;5.08;2.254;4.659;4.873;4.53;2.698;4.577;1.178;4.69;-1.11265;-0.126315789;11.15526316
2007-03-01;101.9476;-0.035307606;-0.128858776;5.26;5.260869565;5.194347826;5.805217391;5.459565217;0.012542487;5.09;5.13;5.5;5.92;0.001735375;0.004777336;0.005200121;0.008007245;88.4;4.4;0.007592889;0.952632262;0.01498801;5.066;5.017;5.047;2.254;4.583;5.032;4.541;2.698;4.648;1.178;4.842;-0.87536;-0.009090909;15.16272727
2007-04-01;102.0618;-0.00781032;0.293304361;5.25;5.372;5.2965;5.9225;5.583;0.013114489;5.18;5.26;5.63;6.05;0.006789736;0.003318872;0.003000662;-0.00308247;87.1;4.5;0.048437532;-0.386188123;0.012404017;4.749;4.835;4.982;2.254;4.595;5.131;4.516;2.698;4.628;1.178;4.816;-1.026;0.027619048;12.933
2007-05-01;102.1483;0.015271653;-0.143521202;5.25;5.443636364;5.371363636;5.962272727;5.656363636;0.013114489;5.27;5.35;5.68;6.06;0.000418359;0.004375959;0.004132994;0.014085447;88.3;4.4;0.033920221;0.40020775;0.011085181;4.757;4.71;4.941;2.254;4.921;4.924;4.857;2.698;4.892;1.178;5.011;-0.9799;-0.02;13.29772727
2007-06-01;102.1927;0.008092915;0.034782963;5.25;5.760454545;5.696818182;6.318636364;5.998181818;0.013114489;5.51;5.73;6.05;6.37;0.000180065;0.002168122;0.002316752;-0.009353624;85.3;4.6;-0.018849665;0.396585649;0.00288517;4.265;4.757;4.924;2.254;4.871;4.714;4.927;2.698;5.027;1.178;5.126;-0.77554;0.122380952;14.94761905
2007-07-01;102.1786;-0.024347007;0.046409774;5.26;5.74;5.648181818;6.336363636;5.991363636;0.011250804;5.41;5.71;6.06;6.37;-0.001531754;0.004563811;0.001780596;0.003823895;90.4;4.7;-0.027134895;0.138683041;0.007479862;5.109;4.92;4.968;2.254;4.513;4.617;4.558;2.698;4.733;1.178;4.896;-0.59425;0.185238095;17.27333333
2007-08-01;102.1026;-0.011971512;0.055813091;5.02;5.636086957;5.41826087;6.336521739;5.945217391;0.011250804;5.26;5.59;6.02;6.38;0.001920339;0.004902011;0.000308281;0.005497349;83.4;4.6;0.012832499;0.553377183;-0.01541976;4.2;3.862;4.134;2.254;4.157;4.619;4.255;2.698;4.527;1.178;4.827;0.68022;0.36173913;25.02608696
2007-09-01;101.9928;0.002289643;0.123850183;4.94;5.575714286;5.334285714;6.226190476;5.871904762;0.011250804;5.14;5.5;5.94;6.3;0.002482117;0.004714815;0.004237553;0.00380945;83.4;4.7;0.033809687;-0.521134897;0.00638051;3.291;3.672;3.99;2.254;3.988;4.513;4.255;2.698;4.594;1.178;4.839;1.054625;0.51;22.19894737
2007-10-01;101.8703;-0.017721874;-0.301706827;4.76;5.503913043;5.275652174;6.156956522;5.768695652;0.010363896;5.05;5.38;5.84;6.16;-0.002994905;0.003819159;0.003083238;0.006224623;80.9;4.7;0.018375206;0.297626445;0.006916427;3.992;3.828;3.942;2.254;3.954;4.735;4.176;2.698;4.473;1.178;4.745;0.584225;0.56;19.11565217
2007-11-01;101.7407;-0.043724198;0.161789958;4.49;5.376363636;4.913181818;6.089090909;5.629545455;0.010363896;4.69;5.23;5.81;6.2;0.005630962;0.007406883;0.007858884;0.010674607;76.1;4.7;-0.038732876;0.421457394;0.024613623;3.638;2.959;3.279;2.254;3.015;4.85;3.397;2.698;3.949;1.178;4.383;1.29844;0.812;25.58238095
2007-12-01;101.6159;0.011347966;0.189157029;4.24;5.3975;4.9025;6.307;5.7845;0.010363896;4.7;5.26;5.89;6.35;0.000524427;0.001697486;0.002898015;-0.014492881;75.5;5;-0.016480082;-0.398143231;-0.002234637;2.627;3.128;3.389;2.254;3.059;4.573;3.455;2.698;4.035;1.178;4.462;1.652575;0.9805;21.651
2008-01-01;101.4852;-0.017805528;-0.279267112;3.94;5.051818182;4.562727273;6.093181818;5.527272727;-0.000578999;4.16;4.87;5.69;6.29;-0.001177386;0.002366437;0.003447705;0.003637835;78.4;5;-0.055474778;0.854046231;0.01343785;1.455;1.849;2;2.254;2.109;4.537;2.765;2.698;3.597;1.178;4.324;1.3471;1.268571429;25.81619048
2008-02-01;101.3348;-0.034679407;0.734494255;2.98;4.986666667;4.505714286;6.224761905;5.588095238;-0.000578999;3.81;4.82;5.79;6.5;-0.003650871;-0.001470529;0.002417827;-0.008381445;70.8;4.9;-0.025842184;-0.320265068;0.009392265;1.944;1.766;1.81;2.254;1.628;4.531;2.474;2.698;3.519;1.178;4.41;1.19086;1.7645;25.456
2008-03-01;101.1646;-0.052293283;-0.234527965;2.61;5.2115;4.472;6.4325;5.8285;-0.000578999;4.02;5.02;6.01;6.58;-0.00325842;0.005369827;0.003578028;0.001820171;69.5;5.1;-0.013825174;0.315847788;0.028461959;1.17;1.264;1.465;2.254;1.602;4.875;2.448;2.698;3.421;1.178;4.3;2.049075;1.893;27.1035
2008-04-01;100.9529;0.047431798;0.088644651;2.28;5.449545455;4.686363636;6.545909091;6.02;0.010822601;4.47;5.21;5.94;6.54;-0.006832914;0.003487688;0.002314381;-0.001044175;62.6;5;0.052849338;-0.265001267;0.015965939;1.206;1.352;1.625;2.254;2.27;4.891;3.018;2.698;3.734;1.178;4.474;1.686975;1.627727273;21.56272727
2008-05-01;100.6681;0.026309173;-0.187758192;1.98;5.452608696;4.915652174;6.515652174;6.07173913;0.010822601;4.6;5.28;6.05;6.51;-0.006059018;0.006156718;0.005917492;0.009270016;59.8;5.4;0.015116259;-0.091578434;0.029858565;2.011;1.905;2.028;2.254;2.657;4.498;3.43;2.698;4.067;1.178;4.725;1.02916;1.434285714;18.30333333
2008-06-01;100.2722;-0.027084729;-0.104515617;2;5.788571429;5.149047619;6.689047619;6.402380952;0.010822601;4.9;5.65;6.36;6.74;-0.002665482;0.005408446;0.010478235;0.001077092;56.4;5.6;-0.088136731;0.483118851;0.019837233;1.557;1.72;2.183;2.254;2.632;4.148;3.337;2.698;3.975;1.178;4.523;1.306525;1.325714286;22.11047619
2008-07-01;99.73082;-0.081364277;0.171852365;2.01;5.93;5.101304348;6.880869565;6.673478261;0.002239921;4.97;5.94;6.63;6.9;-0.004442994;-0.000196327;0.007141445;-0.004552025;61.2;5.8;-0.004028872;0.323035573;0.024937656;1.506;1.67;1.888;2.254;2.524;4.023;3.245;2.698;3.958;1.178;4.575;1.551575;1.434545455;24.32227273
2008-08-01;99.02868;0.009261895;0.040865656;2;5.882272727;5.008181818;6.921363636;6.723636364;0.002239921;5.02;5.96;6.66;6.84;-0.015857753;-0.000922917;-0.001488476;-0.008094521;63;6.1;0.015453408;-0.392924824;-0.03163017;1.639;1.726;1.95;2.151;2.379;3.928;3.094;2.698;3.825;1.178;4.426;1.53912;1.465238095;20.69571429
2008-09-01;98.17947;0.053051568;-0.352646951;1.81;6.332272727;5.432727273;7.138636364;7.412727273;0.002239921;5.68;6.6;7.23;7.11;-0.043802021;-0.005827609;0.000855092;-0.017069556;70.3;6.1;-0.099386255;0.8656827;-0.010552764;0.553;0.91;1.602;1.785;1.98;2.968;2.989;2.698;3.829;1.178;4.315;2.994725;1.61;30.29761905
2008-10-01;97.24589;-0.063646425;0.762228099;0.97;7.504782609;6.713043478;9.183478261;9.147391304;-0.019517419;7.27;8.09;8.64;8.05;0.010010795;-0.008135305;-0.008598437;-0.041155134;57.6;6.5;-0.16035445;0.466017923;-0.053326562;0.117;0.442;0.947;1.33;1.568;3.111;2.812;2.698;3.97;1.178;4.372;8.18278;2.201818182;61.1773913
2008-11-01;96.35246;-0.026672393;0.319090519;0.39;7.264285714;6.29047619;9.905714286;8.844761905;-0.019517419;7.29;7.61;8.12;7.91;-0.012981557;-0.014839398;-0.017705477;-0.042873932;55.3;6.8;-0.069606987;-0.262583969;-0.051502146;0.036;0.036;0.427;0.886;1;1.264;1.919;2.698;2.92;1.178;3.438;6.502375;2.313888889;62.66894737
2008-12-01;95.6013;-0.02155565;-0.246755336;0.16;6.514545455;5.368636364;9.788636364;8.184545455;-0.019517419;6.96;6.85;7.12;6.8;-0.028314905;-0.008467203;-0.008233522;-0.024249001;60.1;7.3;0.001665569;-0.210255589;-0.033371041;0.036;0.127;0.262;0.342;0.768;0.974;1.559;2.698;2.22;1.178;2.68;5.91275;1.595454545;52.35590909
2009-01-01;95.05687;-0.024475246;-0.089856644;0.15;5.776363636;5.310909091;9.192272727;7.216363636;-0.012137491;5.09;5.84;6.65;6.56;-0.024792559;0.004662552;0.002530771;0.01580818;61.2;7.8;-0.07466327;-0.006920347;0.001755413;0.152;0.243;0.356;0.477;0.95;1.339;1.883;2.698;2.851;1.178;3.608;3.98348;1.7105;44.683
2009-02-01;94.75693;-0.075334651;0.098432209;0.22;5.912857143;5.723809524;9.087142857;7.29;-0.012137491;4.87;6.12;6.87;7.01;-0.006108772;-0.002305224;0.003642661;-0.003488765;56.3;8.3;-0.107448918;0.058651163;-0.011098131;0.162;0.254;0.457;0.682;0.978;1.375;1.991;2.698;3.021;1.178;3.708;3.716625;1.894736842;45.57052632
2009-03-01;94.71941;-0.094421159;0.138988709;0.18;6.464545455;6.892272727;9.497727273;7.830909091;-0.012137491;5.19;6.73;7.33;7.56;-0.015502976;-0.00522164;-0.000987283;-0.017911441;57.3;8.7;0.075611839;0.211525448;-0.007088009;0.152;0.208;0.422;0.547;0.805;1.133;1.668;2.698;2.668;1.178;3.537;3.66645;1.888181818;44.79545455
2009-04-01;94.93367;0.073561202;0.480321938;0.15;5.796190476;4.776190476;9.14047619;7.367142857;-0.003441642;4.83;6.09;6.94;6.99;-0.007991499;-7.16E-05;0.001007083;0.004495381;65.1;9;0.107214326;-0.316651448;0.00594884;0.038;0.132;0.279;0.465;0.907;1.361;2.014;2.698;3.119;1.178;4.039;2.689225;2;38.06380952
2009-05-01;95.33002;0.017955476;-0.2613471;0.18;5.226818182;4.703636364;8.227272727;6.491363636;-0.003441642;3.85;5.46;6.7;6.82;-0.009753078;0.001954464;0.001471494;0.009832637;68.7;9.4;0.058453989;-0.137351834;0.010053223;0.142;0.137;0.289;0.451;0.922;1.407;2.342;3.064;3.461;1.178;4.332;1.67262;2.3635;31.978
2009-06-01;95.83623;-0.05018833;-0.136574569;0.21;5.017272727;4.511363636;7.516818182;6.01;-0.003441642;3.44;5.17;6.32;6.5;-0.003046441;0.006209404;0.008299612;0.019116293;70.8;9.5;-0.006268632;-0.027114659;0.019320843;0.122;0.193;0.348;0.485;1.117;1.619;2.56;3.211;3.537;1.178;4.331;1.291175;2.537727273;29.14045455
2009-07-01;96.38912;0.056311587;-0.179804109;0.16;4.608695652;4.031304348;6.979130435;5.560869565;0.004703768;2.96;4.61;5.93;6.3;0.011944345;0.003440786;-0.000297965;0.002094854;66;9.5;0.080676139;-0.150154732;-0.009190121;0.132;0.185;0.259;0.476;1.115;1.59;2.516;3.141;3.482;1.178;4.302;0.92072;2.543181818;26.16272727
2009-08-01;96.94764;0.009669834;-0.110405206;0.16;4.265714286;3.944285714;6.34;5.131904762;0.004703768;2.69;4.27;5.58;6.01;0.011169788;0.011915479;0.003348453;0.020544778;65.7;9.6;0.036939803;-0.078743491;0.014492754;0.112;0.142;0.236;0.421;0.972;1.473;2.387;3.035;3.401;1.178;4.181;0.566175;2.471904762;25.33714286
2009-09-01;97.48063;0.052755197;-0.176668743;0.15;4.011363636;3.64;5.931363636;4.808181818;0.004703768;2.3;3.93;5.26;5.79;0.008557413;-0.007626873;0.001930887;-0.025855681;73.5;9.8;0.03054814;-0.045385901;-0.005142857;0.086;0.127;0.173;0.384;0.949;1.429;2.315;2.94;3.305;1.178;4.048;0.264425;2.445714286;24.92666667
2009-10-01;97.96966;-0.004362277;0.106852512;0.12;3.910434783;3.562608696;5.715652174;4.678695652;0.01400572;2.13;3.86;5.21;5.76;0.002290531;0.004925563;0.003001932;0.010367634;70.6;10;-0.014553571;0.186276381;0.006318208;0.015;0.051;0.162;0.352;0.901;1.402;2.308;2.983;3.388;1.178;4.229;0.22396;2.438571429;24.25227273
2009-11-01;98.41714;0.011648668;0.152166346;0.12;3.722857143;3.486666667;5.548095238;4.52047619;0.01400572;1.84;3.67;5.13;5.84;0.00402267;0.000902102;0.003348591;0.008288564;67.4;9.9;0.061607055;-0.234472279;0.012557078;0.073;0.056;0.155;0.248;0.667;1.103;2.003;2.693;3.198;1.178;4.196;0.128175;2.599473684;23.789
2009-12-01;98.82819;0.041339872;-0.259853393;0.12;3.721818182;3.522272727;5.480909091;4.545909091;0.01400572;1.85;3.69;5.19;5.95;0.003307339;0.00669958;0.000520176;0.005667237;72.5;9.9;0.01364375;-0.159429243;0.003945885;0.038;0.061;0.195;0.438;1.143;1.679;2.684;3.385;3.837;1.178;4.635;-0.1665;2.715454545;21.23954545
2010-01-01;99.18287;0.007090031;0.092900477;0.11;3.685238095;3.48047619;5.254761905;4.437142857;0.007737293;1.8;3.67;5.17;5.95;0.010700671;0.000348169;0.000648732;-0.000217241;74.4;9.8;-0.031154718;0.285363762;0.021336328;0.005;0.076;0.15;0.281;0.816;1.353;2.325;3.058;3.588;1.178;4.493;-0.25372;2.804210526;20.64315789
2010-02-01;99.44577;-0.025358644;0.05346571;0.13;3.709047619;3.496666667;5.217619048;4.506666667;0.007737293;1.72;3.72;5.27;6.07;0.003431957;0.003709191;-0.000951777;0.000288637;73.6;9.8;0.031194797;0.200998597;-0.004947774;0.086;0.124;0.185;0.296;0.816;1.337;2.305;3.056;3.619;1.178;4.559;-0.1667;2.834210526;22.54
2010-03-01;99.6207;0.014461992;-0.025387995;0.16;3.629565217;3.465652174;5.126521739;4.432608696;0.007737293;1.74;3.69;5.17;5.99;0.007203577;0.006202073;0.000331368;0.02378459;73.6;9.9;0.056529033;-0.124041951;0.012707182;0.152;0.157;0.238;0.385;1.02;1.573;2.554;3.283;3.833;1.178;4.714;-0.480125;2.768695652;17.7673913
2010-04-01;99.69077;0.012479413;0.024134465;0.2;3.58952381;3.454761905;5.04047619;4.387142857;0.014601334;1.75;3.69;5.14;5.93;0.003518896;0.002589602;0.000230041;0.009104699;72.2;9.9;0.0196521;-0.00323072;0.006001091;0.137;0.165;0.238;0.381;0.964;1.489;2.418;3.111;3.659;1.178;4.521;-0.43326;2.786363636;17.42428571
2010-05-01;99.66629;0.015197045;-0.032753174;0.2;3.524761905;3.155238095;5.008095238;4.335238095;0.014601334;1.79;3.63;4.99;5.75;0.013739911;0.002798975;-0.000519772;-0.010324937;73.6;9.6;-0.079454939;0.907308391;0.002169197;0.147;0.162;0.223;0.321;0.774;1.242;2.099;2.757;3.303;1.178;4.216;0.62665;2.5895;31.9295
2010-06-01;99.5871;-0.048235117;0.321184339;0.18;3.602272727;3.104090909;5.123181818;4.343181818;0.014601334;1.82;3.59;4.93;5.73;0.002155896;0.002007678;-0.000418795;-0.001744061;76;9.4;-0.056231302;-0.230354346;-0.007034632;0.162;0.177;0.223;0.316;0.605;0.972;1.778;2.413;2.935;1.178;3.894;0.6385;2.479545455;29.91636364
2010-07-01;99.51855;-0.025587709;-0.118059545;0.18;3.22826087;2.873913043;4.866086957;4.030869565;0.010775162;1.57;3.23;4.65;5.53;0.003835703;0.003596806;0.001869254;0.002487246;67.8;9.4;0.073383539;-0.171862488;0.003269755;0.142;0.147;0.198;0.283;0.554;0.825;1.598;2.304;2.905;1.178;3.991;0.4331;2.394761905;25.5652381
2010-08-01;99.51186;0.036812767;-0.148913736;0.19;2.932272727;2.475454545;4.499545455;3.706818182;0.010775162;1.38;2.88;4.35;5.3;0.003660617;0.003798171;0.001461363;0.005012849;68.9;9.5;-0.0449805;-0.038817946;0.004345464;0.157;0.142;0.192;0.233;0.477;0.699;1.331;1.921;2.47;1.178;3.52;0.325475;2.178181818;24.74590909
2010-09-01;99.57956;-0.00737998;-0.020693421;0.19;2.875454545;2.449090909;4.436818182;3.645;0.010775162;1.28;2.85;4.27;5.34;0.002878284;0.00194041;0.001615249;0.008642026;68.2;9.5;0.083752686;-0.111477822;0;0.142;0.162;0.191;0.251;0.422;0.632;1.273;1.906;2.512;1.178;3.687;0.0357;2.167619048;22.51761905
2010-10-01;99.7094;0.039349525;-0.086344715;0.19;2.680909091;2.274090909;4.243636364;3.460454545;0.011086472;1.12;2.61;4.18;5.41;-0.002721406;0.005742174;0.003481846;0.013022331;67.7;9.4;0.043760233;-0.066445851;0.009194159;0.132;0.119;0.17;0.209;0.34;0.497;1.169;1.894;2.603;1.178;3.984;-0.14048;2.164;20.37333333
2010-11-01;99.89185;0.01891393;0.006753284;0.19;2.804090909;2.418181818;4.352272727;3.592272727;0.011086472;1.2;2.76;4.32;5.6;0.000794785;0.004544404;0.002533842;0.010065478;71.6;9.8;0;0.057390479;0.005894962;0.157;0.167;0.203;0.261;0.461;0.698;1.466;2.151;2.797;1.178;4.112;-0.158925;2.309;20.09571429
2010-12-01;100.0864;-0.001748992;0.009827251;0.18;3.209130435;2.770869565;4.719565217;3.969565217;0.011086472;1.44;3.32;4.73;5.76;0.009795279;0.003584573;0.004016576;0.00716075;74.5;9.3;0.061271159;-0.316528901;0.010655301;0.063;0.127;0.188;0.267;0.605;1.001;2.008;2.711;3.288;1.178;4.336;-0.2712;2.672727273;17.56954545
2011-01-01;100.2513;0.019324866;-0.15182667;0.17;3.18047619;2.888095238;4.676190476;3.906190476;0.002741701;1.42;3.25;4.74;5.73;-0.002037718;0.004135231;0.003243042;0.007273632;74.2;9.1;0.028681444;0.050524215;0.015814444;0.142;0.152;0.167;0.241;0.57;0.962;1.946;2.709;3.374;1.178;4.573;-0.36335;2.7795;17.3155
2011-02-01;100.3505;0.035112282;0.134739857;0.16;3.32;3.0615;4.7515;3.985;0.002741701;1.5;3.39;4.84;5.83;-0.004297902;0.002501355;0.003214475;0.007639679;77.5;9;0.034737206;-0.014068802;0.016087182;0.122;0.142;0.172;0.241;0.688;1.164;2.137;2.833;3.422;1.178;4.491;-0.373475;2.803684211;17.43
2011-03-01;100.3478;-0.001430025;-0.122178719;0.14;3.213913043;2.957391304;4.615652174;3.86;0.002741701;1.38;3.25;4.72;5.74;0.010635209;0.007504317;0.005173548;0.009682654;67.5;9;-0.004205539;0.697636391;0.017364658;0.061;0.094;0.178;0.273;0.833;1.312;2.272;2.924;3.47;1.178;4.51;-0.237175;2.716956522;20.72347826
2011-04-01;100.2408;0.004118111;0.191446597;0.1;3.216190476;2.904761905;4.581428571;3.850952381;0.013424857;1.4;3.27;4.72;5.73;-0.003505991;0.003050934;0.004694099;0.005363184;69.8;9.1;0.033431727;-0.412482015;0.019578313;0.018;0.043;0.102;0.187;0.609;1;1.972;2.674;3.29;1.178;4.398;-0.46842;2.7205;16.244
2011-05-01;100.0415;0.016786609;-0.136443786;0.09;2.990454545;2.649090909;4.345;3.615;0.013424857;1.22;3;4.49;5.52;0.001334721;0.001886952;0.003181715;-0.001710479;74.3;9;-0.011214666;0.186612631;0.004923683;0.036;0.053;0.114;0.164;0.468;0.78;1.698;2.387;3.059;1.178;4.221;-0.36875;2.613333333;16.91142857
2011-06-01;99.77191;0.00221131;0.078538686;0.09;2.940909091;2.516363636;4.308636364;3.587272727;0.013424857;1.18;2.95;4.47;5.56;0.002870625;0.002117651;0;0.007405114;71.5;9.1;-0.021719809;0.411320439;-0.000979912;0.008;0.02;0.102;0.192;0.458;0.798;1.764;2.502;3.16;1.178;4.377;-0.20705;2.591818182;19.15318182
2011-07-01;99.4825;-0.016853413;0.080275256;0.07;2.955909091;2.494090909;4.312272727;3.581363636;0.00579404;1.22;2.95;4.45;5.54;0.004746578;0.003440925;0.002620037;-0.000687937;63.7;9;-0.015146156;-0.184625347;0.003433055;0.172;0.099;0.163;0.205;0.359;0.534;1.351;2.09;2.793;1.178;4.124;-0.32522;2.5965;19.2275
2011-08-01;99.23809;-0.029852047;-0.201716013;0.1;2.9;2.227826087;4.171304348;3.490869565;0.00579404;1.46;2.92;4.15;5.27;0.006389885;0.001742517;0.003154462;0.001751785;55.8;9;-0.054975399;1.356417206;-0.00684262;0.01;0.015;0.048;0.101;0.203;0.324;0.97;1.573;2.234;1.178;3.611;0.715925;2.072608696;35.02913043
2011-09-01;99.10976;-0.022920108;1.005738967;0.08;3.002272727;2.195909091;4.342272727;3.583636364;0.00579404;1.66;2.99;4.05;5.12;-0.000723473;0.00306038;0.002171548;0.010471863;59.5;9;-0.07421058;-0.316245936;0.00246063;0.008;0.025;0.056;0.108;0.247;0.405;0.955;1.436;1.917;1.178;2.914;0.81188;1.763809524;36.53
2011-10-01;99.12877;0.000211966;-0.291879123;0.07;3.119047619;2.30047619;4.605714286;3.802380952;0.012435006;1.81;3.1;4.18;5.02;0.006990564;0.001826916;0.000675208;0.006184433;60.8;8.8;0.114885644;-0.075494476;-0.012763868;0.01;-0.01;0.053;0.108;0.25;0.391;0.966;1.554;2.116;1.178;3.131;0.619875;1.8715;32.82904762
2011-11-01;99.27467;0.048252277;-0.110839641;0.08;2.980909091;2.195454545;4.451363636;3.67;0.012435006;1.73;2.93;4.1;4.88;-1.15E-05;0.000361014;0.00184785;0.003589487;63.7;8.6;-0.004064093;-0.123667783;0.001491795;0.02;0.008;0.055;0.108;0.258;0.399;0.957;1.526;2.072;1.178;3.055;0.90725;1.76;31.94190476
2011-12-01;99.49436;0.031480348;-0.130778723;0.07;3.043636364;2.317727273;4.548181818;3.800454545;0.012435006;1.82;2.99;4.1;4.86;0.005251261;0.001017878;0.000237708;0.002123635;69.9;8.5;0.004080678;-0.232358615;-0.007944389;0.005;0.02;0.061;0.108;0.247;0.359;0.833;1.349;1.876;1.178;2.891;0.62368;1.720952381;25.04761905
2012-01-01;99.71402;0.01217815;-0.073721034;0.08;2.766190476;2.08;4.428571429;3.47;0.014300107;1.6;2.74;3.97;4.79;0.006083552;0.007302779;0.002724196;0.008244893;75;8.3;0.05301062;-0.25069003;0.004504505;0.043;0.056;0.08;0.113;0.219;0.295;0.706;1.241;1.795;1.178;2.938;0.3859;1.726;20.228
2012-02-01;99.86823;0.021383959;-0.051344141;0.1;2.597142857;1.997142857;4.146190476;3.203333333;0.014300107;1.31;2.4;3.86;4.71;0.003274471;0.008296014;0.002137446;0.013192305;75.3;8.3;0.043405509;0.003731368;0.004484305;0.081;0.081;0.132;0.161;0.297;0.415;0.864;1.391;1.974;1.178;3.082;0.0971;1.6895;18.4205
2012-03-01;99.92951;0.00739709;-0.090601611;0.13;2.59826087;2.026956522;4.08826087;3.210434783;0.014300107;1.31;2.43;3.94;4.79;-0.005190744;0.0006098;0.00209347;0.003944514;76.2;8.2;0.02765981;0.056289371;0.012896825;0.038;0.071;0.137;0.172;0.336;0.503;1.04;1.611;2.214;1.178;3.343;-0.07672;1.828181818;16.16727273
2012-04-01;99.90161;0.032580935;0.180460695;0.14;2.5605;1.906;4.047;3.131;0.008607361;1.31;2.36;3.87;4.75;0.007270796;0.002237604;0.001660788;-0.005649528;76.4;8.2;-0.002322163;-0.007153552;-0.00244858;0.066;0.097;0.147;0.179;0.262;0.378;0.813;1.325;1.919;1.178;3.114;0.040475;1.760952381;17.823
2012-05-01;99.80839;-0.011094461;-0.192450356;0.16;2.499130435;1.879130435;4.013478261;3.11826087;0.008607361;1.4;2.37;3.71;4.62;0.001964146;-0.001061851;-0.00206818;-0.002229464;79.3;8.2;-0.060055926;0.319046623;-0.008836524;0.031;0.071;0.127;0.18;0.266;0.346;0.657;1.014;1.563;1.178;2.641;0.151425;1.518181818;21.00181818
2012-06-01;99.69105;-0.018954122;0.179466608;0.16;2.503636364;1.871818182;4.036818182;3.099090909;0.008607361;1.43;2.32;3.57;4.51;0.000108734;-0.0015445;-0.000826363;-0.010413358;73.2;8.2;0.035217347;-0.089724249;-0.010401189;0.043;0.086;0.157;0.207;0.305;0.396;0.716;1.102;1.643;1.178;2.754;0.19208;1.33047619;21.13095238
2012-07-01;99.60152;0.024778556;-0.042456333;0.16;2.219090909;1.699545455;3.804545455;2.798636364;0.00693683;1.1;1.81;3.27;4.17;0.002013418;0.002456824;0.00028881;0.004643725;72.3;8.2;0.017072325;-0.214037656;0.001501502;0.051;0.106;0.14;0.162;0.215;0.285;0.586;0.972;1.47;1.178;2.55;0.0098;1.278571429;17.56238095
2012-08-01;99.56724;-0.005980183;-0.117881313;0.13;2.166086957;1.673478261;3.72;2.706086957;0.00693683;0.99;1.74;3.3;4.2;-0.003952209;0.003558202;0.005809528;0.013369218;74.3;8.1;0.025052767;-0.157484407;0.012993503;0.086;0.091;0.132;0.159;0.226;0.293;0.588;1;1.548;1.178;2.668;-0.19118;1.409565217;15.68956522
2012-09-01;99.60093;-0.009945879;-0.119643847;0.14;2.098095238;1.607619048;3.577619048;2.56952381;0.00693683;0.85;1.62;3.27;4.28;-0.00069677;0.004459117;0.004771266;0.007571446;78.3;7.8;0.019906275;-0.009263127;0.008386778;0.058;0.094;0.134;0.155;0.234;0.306;0.625;1.051;1.633;1.178;2.823;-0.4057;1.467894737;15.28473684
2012-10-01;99.67573;0.023747001;0.180123972;0.16;2.012272727;1.592272727;3.388636364;2.437272727;0.006181424;0.82;1.52;3.12;4.17;0.003128397;0.002890512;0.002696795;0.001517308;82.6;7.8;-0.012957117;0.137452909;-0.004403131;0.091;0.114;0.156;0.174;0.285;0.383;0.721;1.145;1.694;1.178;2.859;-0.51245;1.469047619;16.27619048
2012-11-01;99.77297;-0.00950013;-0.076667641;0.16;1.985;1.536818182;3.350909091;2.397727273;0.006181424;0.84;1.5;3.04;4.16;0.004013635;0.00368129;-0.001679344;0.002853083;82.7;7.7;0.00565941;0.115023279;-0.008353808;0.112;0.081;0.132;0.168;0.25;0.324;0.619;1.039;1.616;1.178;2.81;-0.41698;1.386;16.70190476
2012-12-01;99.89535;-0.012077888;0.085383008;0.16;2.014;1.587;3.354;2.4185;0.006181424;0.87;1.54;3.1;4.27;0.002699777;0.000250483;-0.000121082;0.004063449;72.9;7.9;0.001829331;-0.047116413;-0.00148662;0.02;0.046;0.114;0.143;0.251;0.354;0.725;1.181;1.757;1.178;2.952;-0.560825;1.462;17.3445
2013-01-01;100.0381;0.007956144;-0.006993722;0.14;2.061363636;2.054090909;3.324545455;2.434090909;0.013871144;0.83;1.61;3.25;4.39;4.58E-05;0.005777555;0.001980789;0.007270331;73.8;8;0.058645471;-0.104757336;0.004962779;0.038;0.079;0.111;0.135;0.266;0.407;0.88;1.387;1.985;1.178;3.168;-0.687575;1.64952381;13.5052381
2013-02-01;100.1842;0.060170507;0.045450673;0.15;2.104;2.0805;3.407;2.483;0.013871144;0.8;1.65;3.32;4.49;0.004790083;0.003227872;0.005429927;0.014509306;77.6;7.7;0.012758708;-0.002195822;0.008888889;0.068;0.106;0.127;0.153;0.238;0.346;0.766;1.255;1.881;1.178;3.09;-0.6502;1.716842105;14.07263158
2013-03-01;100.3072;0.046732192;-0.106559242;0.14;2.092857143;2.052857143;3.374761905;2.468571429;0.013871144;0.77;1.62;3.3;4.53;0.004109521;-0.001169995;-0.002811919;-0.008436529;78.6;7.5;0.033375169;-0.097033101;-0.001468429;0.036;0.071;0.106;0.129;0.25;0.354;0.769;1.217;1.852;1.178;3.104;-0.69282;1.7015;13.0315
2013-04-01;100.4226;0.024288179;0.022319025;0.15;2.010909091;1.955909091;3.250454545;2.37;0.004835241;0.77;1.52;3.12;4.34;-0.001140506;-0.000851902;-0.002087979;-0.00522421;76.4;7.6;0.023745598;0.247134082;-0.00245098;0.033;0.051;0.081;0.103;0.211;0.311;0.678;1.111;1.673;1.178;2.88;-0.648;1.526818182;13.96727273
2013-05-01;100.5367;0.008808142;0.14734215;0.11;2.073043478;2.05826087;3.303043478;2.440869565;0.004835241;0.77;1.62;3.27;4.46;0.000918499;0.003179594;0.000414155;0.006518251;84.5;7.5;0.023610034;-0.043150151;0.002948403;0.02;0.038;0.068;0.137;0.297;0.491;1.024;1.531;2.132;1.178;3.278;-0.65376;1.677727273;13.49363636
2013-06-01;100.6266;0.047096182;-0.050666483;0.09;2.454285714;2.442857143;3.824285714;2.862857143;0.004835241;0.95;2.1;3.74;4.86;0.001874684;0.002071695;0.002380408;0.003290791;84.1;7.5;-0.018537878;0.270249813;0.000979912;0.013;0.036;0.096;0.146;0.359;0.65;1.396;1.942;2.487;1.178;3.499;-0.1568;1.9665;17.2715
2013-07-01;100.6805;0.00266082;0.056075292;0.09;2.570434783;2.700434783;4.00826087;2.990869565;0.013458976;1;2.31;3.98;4.95;-0.003190169;0.002500331;0.001957452;0.00661664;85.1;7.3;0.057241884;-0.340307894;0.000489476;0.025;0.038;0.071;0.111;0.313;0.596;1.386;2.012;2.588;1.178;3.646;-0.41495;2.241363636;13.97454545
2013-08-01;100.7114;0.015965942;-0.120942162;0.08;2.607142857;2.841428571;4.073333333;3.02952381;0.013458976;0.98;2.4;4.11;5.08;0.005863991;0.00265273;0.002387291;-0.002618004;82.1;7.2;-0.029992846;-0.020495391;-0.000978474;0.02;0.025;0.051;0.121;0.403;0.781;1.646;2.254;2.789;1.178;3.716;-0.3672;2.380909091;14.21
2013-09-01;100.7233;-0.022176973;-0.114013622;0.08;2.65047619;2.89952381;4.125714286;3.083809524;0.013458976;1;2.5;4.18;5.12;0.005358476;0.003252204;0.000376945;0.000327774;77.5;7.2;0.026642323;-0.024695071;-0.001469148;0.025;0.015;0.03;0.09;0.321;0.613;1.385;2.014;2.615;1.178;3.693;-0.39295;2.4055;14.692
2013-10-01;100.7262;-0.000948298;0.039530645;0.09;2.461304348;2.742173913;3.919565217;2.862173913;0.014048795;0.86;2.24;3.97;4.99;-0.001187536;0.00449452;0.000535231;0.002538071;73.2;7.2;0.051406818;0.303127662;-0.006866111;0.035;0.038;0.081;0.096;0.309;0.569;1.326;1.965;2.552;1.178;3.639;-0.495425;2.280454545;15.40782609
2013-11-01;100.7296;0.040773816;-0.069181025;0.08;2.449090909;2.802272727;3.894545455;2.841818182;0.014048795;0.78;2.21;4.01;5.08;0.002459961;0.005765272;0.001844489;0.00111446;75.1;6.9;0.029637743;-0.334553211;-0.006419753;0.051;0.061;0.107;0.119;0.285;0.548;1.372;2.099;2.746;1.178;3.817;-0.62592;2.414736842;12.924
2013-12-01;100.7225;0.054325228;-0.172033255;0.09;2.535238095;2.87047619;3.901428571;2.883333333;0.014048795;0.84;2.32;4.08;5.07;0.002112491;0.002367469;0.002644169;0.00768817;82.5;6.7;0.020386739;0.1563078;0.003976143;0.013;0.073;0.091;0.117;0.384;0.767;1.748;2.456;3.026;1.178;3.964;-0.61275;2.561904762;14.19238095
2014-01-01;100.7106;0.030669989;0.125653202;0.07;2.464545455;2.807727273;3.809545455;2.816363636;0.000332654;0.86;2.29;3.95;4.91;-0.00377275;-0.001289083;0.002424175;-0.009191001;81.2;6.6;-0.030010322;0.133410164;0.008910891;0.033;0.02;0.056;0.091;0.332;0.667;1.492;2.125;2.644;1.178;3.599;-0.59142;2.464285714;14.24095238
2014-02-01;100.7279;-0.010004266;0.059163854;0.07;2.3835;2.705;3.708;2.7425;0.000332654;0.77;2.18;3.81;4.84;0.007593076;0.00621118;0.001100779;0.014001496;81.6;6.7;0.045515367;-0.053925375;0.009322866;0.043;0.051;0.076;0.107;0.325;0.67;1.503;2.124;2.649;1.178;3.584;-0.61875;2.382631579;15.47
2014-03-01;100.7746;0.033967128;-0.050059911;0.08;2.463333333;2.723809524;3.7;2.76;0.000332654;0.83;2.26;3.78;4.78;0.010107356;0.00687019;0.002042055;0.010242462;80;6.7;0.00386522;0.066786705;0.006319883;0.03;0.046;0.061;0.119;0.422;0.871;1.72;2.301;2.719;1.178;3.56;-0.6632;2.324285714;14.83666667
2014-04-01;100.8325;0.007416799;0.012541629;0.09;2.486666667;2.602857143;3.623809524;2.743809524;0.018651872;0.84;2.27;3.71;4.66;0.000646513;0.003608318;0.001864186;0.011007268;84.1;6.2;0.011395637;-0.081509565;0.006280193;0.02;0.025;0.046;0.107;0.414;0.851;1.677;2.233;2.646;1.178;3.457;-0.665475;2.288095238;14.19809524
2014-05-01;100.8835;-0.000638007;-0.05156198;0.09;2.399130435;2.505217391;3.465652174;2.642173913;0.018651872;0.8;2.15;3.57;4.53;0.004093576;0.003510147;0.001903006;0.000797083;81.9;6.3;0.023206139;-0.240763766;-0.00144023;0.041;0.036;0.05;0.099;0.375;0.776;1.539;2.058;2.475;1.178;3.327;-0.73622;2.17;12.4752381
2014-06-01;100.9212;-0.000893292;-0.172183103;0.1;2.445714286;2.572380952;3.468095238;2.685714286;0.018651872;0.88;2.22;3.6;4.58;0.003317054;0.005043044;0.001321132;0.002640174;82.5;6.1;0.01577789;-0.059540098;0.001442308;0.018;0.046;0.066;0.107;0.457;0.867;1.633;2.139;2.532;1.178;3.362;-0.85055;2.146190476;11.54142857
2014-07-01;100.9409;-0.010614759;0.06586344;0.09;2.447391304;2.548695652;3.459130435;2.688695652;0.016309608;0.93;2.23;3.53;4.52;0.002121861;0.003480318;0.001125485;0.000618975;81.8;6.2;-0.008710476;0.130541329;-0.00144023;0.01;0.025;0.053;0.114;0.531;0.996;1.756;2.235;2.562;1.178;3.319;-0.759075;2.035909091;12.29636364
2014-08-01;100.9452;0.005393999;-0.035618375;0.09;2.401818182;2.485454545;3.441363636;2.647272727;0.016309608;0.92;2.18;3.46;4.45;-0.001557146;0.006700788;-0.000160001;0.008366454;82.5;6.1;0.039463705;-0.033703784;-0.004807692;0.018;0.025;0.051;0.089;0.492;0.929;1.627;2.046;2.345;1.178;3.084;-0.6568;1.947619048;13.49190476
2014-09-01;100.9355;0.029466599;-0.122951699;0.09;2.505454545;2.588636364;3.537727273;2.758181818;0.016309608;1.08;2.37;3.59;4.55;0.003130839;0.000510085;7.16E-05;-0.004396458;84.6;5.9;-0.018384903;0.151144853;-0.002898551;0.018;0.023;0.048;0.099;0.575;1.046;1.763;2.211;2.495;1.178;3.202;-0.5767;1.967619048;13.46666667
2014-10-01;100.9081;0.028312508;0.260830675;0.09;2.399130435;2.525217391;3.498695652;2.665217391;0.006057606;0.97;2.21;3.43;4.39;0.000112646;0.005900593;-0.000197914;0.002344007;86.9;5.7;0.028335297;0.871890729;-0.014534884;0.005;0.008;0.053;0.099;0.497;0.923;1.61;2.039;2.335;1.178;3.066;-0.3252;1.858636364;18.05869565
2014-11-01;100.8631;0.026769691;0.237346627;0.09;2.505238095;2.563333333;3.628095238;2.754761905;0.006057606;1.09;2.33;3.49;4.46;0.006321051;0.001902704;-0.00188266;0.00238463;88.8;5.8;0.027472161;-0.601555996;-0.012291052;0.043;0.013;0.071;0.122;0.476;0.862;1.493;1.892;2.173;1.178;2.893;-0.45415;1.798333333;13.41315789
2014-12-01;100.7947;0.039714033;-0.34430374;0.12;2.520909091;2.511363636;3.784545455;2.785909091;0.006057606;1.22;2.34;3.42;4.34;-5.50E-05;0.000762954;-0.003084609;-0.008483498;93.6;5.6;-0.008011515;0.938251476;-0.019412643;0.025;0.041;0.122;0.216;0.672;1.073;1.653;1.974;2.17;1.178;2.75;-0.2499;1.571818182;16.29227273
2015-01-01;100.7039;0.015180256;0.46072311;0.11;2.300952381;2.258571429;3.642380952;2.578571429;0.008455188;1.12;2.08;3.14;4.02;-0.00782172;-0.002577149;-0.006370316;-0.007058769;98.1;5.7;-0.024273573;0.045427662;-0.025380711;0.005;0.013;0.051;0.147;0.453;0.735;1.153;1.457;1.639;1.178;2.223;-0.00958;1.33;19.1195
2015-02-01;100.5972;0.055029192;-0.018903318;0.11;2.347619048;2.331904762;3.651428571;2.63047619;0.008455188;1.15;2.1;3.18;4.08;-0.006541281;0.003871557;0.002534644;-0.001567654;95.4;5.5;0.056204422;-0.402659175;-0.0046875;0.018;0.015;0.074;0.193;0.622;1;1.5;1.819;1.997;1.178;2.593;-0.2938;1.356315789;15.90421053
2015-03-01;100.4851;0.038529568;-0.19438972;0.11;2.378181818;2.523181818;3.564090909;2.643181818;0.008455188;1.16;2.14;3.25;4.11;-0.003204071;0.004063527;0.002693952;0.016026099;93;5.4;-0.020079815;0.446081144;0.002093145;0.018;0.036;0.137;0.229;0.559;0.882;1.372;1.71;1.927;1.178;2.54;-0.23235;1.402272727;14.81272727
2015-04-01;100.3731;-0.006420432;0.410467882;0.12;2.27047619;2.396190476;3.412857143;2.544285714;0.011971913;1.07;1.98;3.16;4.08;-0.005696103;0.003140403;0.001042479;0.000716387;95.9;5.4;0.014341819;-0.259366462;-0.003133159;-0.003;0.005;0.038;0.232;0.575;0.906;1.43;1.795;2.035;1.178;2.744;-0.37255;1.395;13.4947619
2015-05-01;100.2544;-0.042845581;-0.118357683;0.12;2.457619048;2.624761905;3.629047619;2.732857143;0.011971913;1.15;2.19;3.46;4.49;-0.004553356;0.005201186;0.003297745;0.008273464;90.7;5.6;0.012855983;-0.070784282;0.013095862;0.008;0.003;0.064;0.25;0.609;0.927;1.485;1.868;2.123;1.178;2.883;-0.36508;1.5885;13.3385
2015-06-01;100.1251;0.040681467;-0.158573276;0.13;2.675454545;2.827727273;3.849090909;2.931818182;0.011971913;1.33;2.47;3.72;4.7;-0.003025312;0.002999935;0.002767921;0.000955965;96.1;5.3;-0.025054575;0.339612122;0.007238883;-0.002;0.02;0.114;0.267;0.645;1.001;1.641;2.077;2.349;1.178;3.119;-0.299525;1.675;14.33954545
2015-07-01;99.9636;-0.020227498;0.210612343;0.13;2.686086957;2.822608696;3.904782609;2.943478261;0.006665396;1.37;2.5;3.75;4.67;0.006241161;0.004661663;0.00158632;0.00832187;93.1;5.2;0.027563429;-0.03253519;-0.004620123;0.031;0.064;0.142;0.316;0.669;0.977;1.534;1.923;2.187;1.178;2.908;-0.16906;1.656818182;14.35227273
2015-08-01;99.78236;0.048791576;-0.079765787;0.14;2.701904762;2.778571429;3.997619048;2.946190476;0.006665396;1.43;2.51;3.68;4.56;-0.001592401;0.002579598;-4.20E-06;-0.000618047;91.9;5.1;-0.060950093;0.522745783;-0.010314595;0.003;0.01;0.237;0.382;0.739;1.051;1.548;1.945;2.214;1.178;2.96;0.092875;1.46952381;19.42809524
2015-09-01;99.60777;-0.053353856;0.335341751;0.14;2.706363636;2.762272727;4.066363636;2.968636364;0.006665396;1.48;2.48;3.72;4.63;-0.002907547;-0.000234641;-0.002247588;-0.005382345;87.2;5;-0.030555883;-0.121933846;-0.014590933;-0.01;0.008;0.086;0.316;0.629;0.901;1.355;1.733;2.035;1.178;2.854;0.1999;1.45952381;24.37714286
2015-10-01;99.46409;-0.000851414;-0.001083211;0.12;2.598695652;2.635652174;4.036521739;2.894782609;0.001821089;1.42;2.37;3.62;4.58;-0.004606029;0.000477485;0.000989482;-0.003475373;90;5;0.090700663;-0.226658203;-0.008461132;0.008;0.079;0.234;0.331;0.728;1.029;1.522;1.887;2.146;1.178;2.925;0.12884;1.425238095;16.78954545
2015-11-01;99.34344;0.058602517;-0.042155008;0.12;2.742857143;2.782857143;4.163333333;3.032380952;0.001821089;1.59;2.52;3.74;4.68;-0.007475014;0.002847367;0.001194617;0.004296592;91.3;5.1;0.003654937;-0.241177889;-0.0096;0.104;0.181;0.395;0.487;0.934;1.223;1.646;1.988;2.208;1.178;2.974;-0.029;1.378421053;16.21
2015-12-01;99.23847;0.024443351;-0.118931941;0.24;2.762727273;2.819545455;4.316818182;3.083636364;0.001821089;1.69;2.49;3.72;4.61;-0.005020204;0.002847348;-0.001075553;0.00218709;92.6;5;-0.023096253;0.519804025;-0.011847065;0.132;0.178;0.492;0.613;1.052;1.307;1.758;2.094;2.269;1.178;3.015;0.2883;1.26;18.02545455
2016-01-01;99.15292;0.018338819;0.09664052;0.34;2.690952381;2.732380952;4.413333333;3.05952381;0.00492516;1.67;2.39;3.67;4.6;0.00522342;0.001552345;-0.000458444;-0.005896791;92;4.8;-0.044131573;0.269436004;-0.004904632;0.224;0.315;0.43;0.451;0.778;0.969;1.33;1.669;1.923;1.178;2.747;0.60892;1.185789474;23.71789474
2016-02-01;99.09418;-0.041010961;0.129966419;0.38;2.592380952;2.60047619;4.459047619;3.05047619;0.00492516;1.64;2.26;3.54;4.57;-0.005451668;0.005958834;-0.001329675;0.008086472;91.7;4.9;-0.000825965;-0.213366705;-0.007119387;0.234;0.323;0.476;0.602;0.785;0.903;1.217;1.521;1.738;1.178;2.616;0.703075;1.046;22.517
2016-03-01;99.07235;-0.032690273;-0.125206573;0.36;2.559090909;2.555909091;4.155;2.976363636;0.00492516;1.61;2.21;3.46;4.43;-0.007308398;-0.001556725;0.003134796;-0.002630282;91;5;0.061789725;-0.20454617;0.004412576;0.172;0.213;0.386;0.593;0.725;0.855;1.206;1.536;1.77;1.178;2.612;0.13885;1.014090909;15.84909091
2016-04-01;99.0696;0.026682141;-0.033991458;0.37;2.328181818;2.425909091;3.756818182;2.744545455;0.010027511;1.4;1.96;3.25;4.22;0.002812894;0.006332555;0.003830645;0.003955828;89;5.1;0.009119383;-0.177622238;0.006040637;0.165;0.205;0.389;0.555;0.782;0.937;1.294;1.618;1.835;1.178;2.68;0.1099;1.037142857;14.30047619
2016-05-01;99.06966;-0.027445019;-0.128044083;0.37;2.337727273;2.512727273;3.686818182;2.718636364;0.010027511;1.41;2.01;3.21;4.2;-0.00218449;0.003051009;0.002364096;0.003797096;94.7;4.8;0.017011107;-0.042972454;0.011462882;0.195;0.302;0.46;0.672;0.883;1.039;1.38;1.67;1.851;1.178;2.651;0.06595;0.99;14.85285714
2016-06-01;99.06607;0.043879336;-0.104860122;0.38;2.248181818;2.434545455;3.543636364;2.617272727;0.010027511;1.34;1.91;3.08;4.07;0.004841642;0.006123063;0.002775957;0.011918611;93.5;4.9;-0.001715222;0.428691689;0.012412304;0.185;0.266;0.353;0.442;0.586;0.698;1.001;1.281;1.475;1.178;2.289;0.221025;0.912727273;17.77454545
2016-07-01;99.07742;-0.001130608;0.250594669;0.39;2.106363636;2.303181818;3.329545455;2.468636364;0.009669724;1.28;1.78;2.91;3.82;0.001098985;0.00148799;-0.000503701;-0.001602077;90;4.8;0.041861303;-0.368990451;0.000533049;0.177;0.259;0.376;0.499;0.659;0.747;1.022;1.285;1.45;1.178;2.177;0.14906;0.8315;13.1585
2016-08-01;99.11756;0.035219453;-0.225810327;0.4;2.124782609;2.339565217;3.276086957;2.467391304;0.009669724;1.32;1.8;2.92;3.84;-0.000815492;0.002295489;0.001849222;-0.000237726;89.8;4.9;0.001197507;-0.078103801;-0.005860416;0.264;0.33;0.465;0.596;0.809;0.922;1.194;1.455;1.578;1.178;2.231;0.18985;0.819130435;12.39956522
2016-09-01;99.20131;0.002575965;-0.067979025;0.4;2.191818182;2.480454545;3.298181818;2.527727273;0.009669724;1.39;1.87;2.99;3.93;-0.000970074;0.004470658;0.00262321;0.0057786;91.2;5;-0.004968421;0.508447834;0.001607717;0.2;0.284;0.447;0.593;0.766;0.875;1.149;1.424;1.598;1.178;2.318;0.27466;0.85952381;14.21952381
2016-10-01;99.32597;-0.005721639;0.239076599;0.4;2.292380952;2.555238095;3.347619048;2.612380952;0.01041358;1.49;1.98;3.09;4.02;0.000735864;0.001663179;0.002342687;0.002600575;87.2;4.9;-0.0123731;-0.247211364;-0.001070091;0.177;0.309;0.501;0.654;0.845;0.992;1.305;1.615;1.826;1.178;2.58;0.07315;0.9215;14.5852381
2016-11-01;99.47872;0.012705234;-0.14491986;0.41;2.558636364;2.861363636;3.672727273;2.895909091;0.01041358;1.67;2.34;3.44;4.32;-0.003919694;0.001987824;0.001178948;-0.002925427;93.8;4.7;0.036838244;0.20173816;-0.002142475;0.368;0.485;0.61;0.78;1.119;1.401;1.849;2.198;2.39;1.178;3.044;-0.009325;1.1625;15.23619048
2016-12-01;99.6366;0.054395522;0.173242915;0.54;2.795;3.108636364;3.859090909;3.137272727;0.01041358;1.87;2.68;3.7;4.47;0.006977463;0.008503454;0.002524522;0.016374785;98.2;4.7;0.014293654;-0.121473255;0.010198604;0.421;0.502;0.62;0.818;1.198;1.459;1.934;2.252;2.446;1.178;3.063;-0.17634;1.295238095;12.47238095
2017-01-01;99.76501;0.036575112;-0.072790054;0.65;2.731904762;3.033333333;3.75;3.077142857;0.00999011;1.83;2.62;3.6;4.33;-0.00234976;0.004435736;0.004043077;0.007690704;98.5;4.7;0.023894353;-0.186343817;0.013283741;0.469;0.518;0.641;0.767;1.212;1.47;1.921;2.262;2.466;1.178;3.07;-0.175275;1.226;11.6085
2017-02-01;99.85001;-0.025653822;-0.091101717;0.66;2.7145;3.0345;3.7035;3.0595;0.00999011;1.79;2.58;3.59;4.36;-0.003709563;0.001397807;0.001592657;-0.000473844;96.3;4.6;0.039291307;-0.079109031;0.004719455;0.403;0.541;0.702;0.8;1.264;1.524;1.938;2.229;2.397;1.178;2.998;-0.257425;1.217894737;11.53052632
2017-03-01;99.89112;0.067018228;-0.051077321;0.79;2.784347826;3.134782609;3.764782609;3.124782609;0.00999011;1.88;2.67;3.64;4.4;0.006441998;0.003888454;-0.000467202;-0.001723009;96.9;4.4;-0.003087142;0.407532477;-0.000521921;0.738;0.762;0.904;1.027;1.262;1.497;1.924;2.212;2.389;1.178;3.012;-0.41718;1.168695652;11.89782609
2017-04-01;99.90483;-0.005290877;0.242164039;0.9;2.663;2.987;3.6395;3.0015;0.008223979;1.8;2.49;3.46;4.29;0.009507774;0.001894677;0.001234153;0.004110058;97;4.4;0.0143199;-0.193528708;0.007832898;0.672;0.803;0.981;1.073;1.27;1.451;1.819;2.104;2.289;1.178;2.958;-0.4139;1.056315789;13.13631579
2017-05-01;99.91207;0.040082416;-0.296830009;0.91;2.669130435;2.974782609;3.592173913;2.991304348;0.008223979;1.83;2.47;3.45;4.26;0.001203901;0.000266888;-0.000773978;-0.005855366;97.1;4.4;0.014112866;-0.036826404;-0.001036269;0.867;0.978;1.073;1.155;1.286;1.435;1.753;2.022;2.206;1.178;2.866;-0.60575;1.001818182;10.86227273
2017-06-01;99.92796;-0.006960061;0.243591306;1.04;2.628636364;2.868181818;3.501363636;2.904090909;0.008223979;1.84;2.4;3.31;4.07;0.001944499;0.004017503;0.000651629;0.005290967;95;4.3;0.001491297;0.053737671;0.004149378;0.839;1.021;1.147;1.238;1.386;1.549;1.887;2.14;2.304;1.178;2.834;-0.66134;0.844545455;10.51363636
2017-07-01;99.95946;-0.023098278;0.199522439;1.15;2.654285714;2.89047619;3.521904762;2.923809524;0.013064286;1.83;2.45;3.38;4.08;-0.002278633;0.001761539;0.00032765;0.000192172;93.4;4.3;0.025530996;-0.328623884;-0.000516529;0.982;1.083;1.142;1.222;1.355;1.511;1.837;2.113;2.296;1.178;2.901;-0.691325;0.9455;10.2645
2017-08-01;100.0322;-0.014338176;-0.277166744;1.16;2.587391304;2.836086957;3.465652174;2.849565217;0.013064286;1.78;2.38;3.28;4.04;-0.004300927;0.003077273;0.003848626;0.001236872;96.8;4.4;0.00291756;0.474588999;0.001550388;0.938;1.004;1.078;1.225;1.329;1.432;1.705;1.947;2.121;1.178;2.727;-0.539925;0.873913043;11.97565217
2017-09-01;100.1369;0.005653723;0.12149785;1.15;2.603181818;2.838636364;3.465454545;2.870909091;0.013064286;1.83;2.4;3.29;4.04;0.001047518;0.009014591;0.00510639;0.022332137;95.1;4.3;0.015111654;-0.1738092;0.005159959;0.949;1.057;1.196;1.3;1.491;1.628;1.939;2.173;2.339;1.178;2.866;-0.64738;0.8175;10.438
2017-10-01;100.2611;0.017398552;0.066539983;1.15;2.671363636;2.871818182;3.499090909;2.925;0.01749353;1.93;2.49;3.35;4.01;0.012323517;0.002246619;0.000775052;0.001236514;100.7;4.2;0.028643816;0.026600874;0.000513347;0.979;1.154;1.283;1.429;1.6;1.726;2.015;2.231;2.378;1.178;2.875;-0.766025;0.81047619;10.12545455
2017-11-01;100.3872;0.077907472;-0.016233621;1.16;2.730454545;2.922727273;3.564090909;2.985454545;0.01749353;2.09;2.59;3.33;3.98;0.002590148;0.007202953;0.002668007;0.009856465;98.5;4.2;0.030565894;0.034071984;0.005130836;1.134;1.269;1.445;1.618;1.79;1.897;2.142;2.312;2.415;1.178;2.832;-0.76255;0.656666667;10.54047619
2017-12-01;100.5119;0.038611832;0.027682507;1.3;2.774285714;2.954761905;3.594285714;3.036666667;0.01749353;2.23;2.69;3.34;3.89;0.001951418;0.009584712;0.002106889;0.006047372;95.9;4.1;0.006980607;0.256002233;0.002041858;1.261;1.391;1.535;1.737;1.887;1.973;2.206;2.33;2.405;1.178;2.739;-0.7008;0.5585;10.2645
2018-01-01;100.6351;-0.011113065;0.06907511;1.41;2.902727273;3.079545455;3.677272727;3.156363636;0.014546275;2.38;2.86;3.46;3.96;-0.000624893;0.001425527;0.004253344;-0.005748068;95.7;4;0.061758684;0.157579403;0.00815079;1.462;1.465;1.664;1.897;2.149;2.292;2.522;2.658;2.713;1.178;2.941;-0.7125;0.551904762;11.06238095
2018-02-01;100.7478;0.040122913;0.177172012;1.42;3.157;3.3125;3.9365;3.4305;0.014546275;2.61;3.13;3.76;4.18;0.003665901;0.00292771;0.002692288;0.006284727;99.7;4.1;-0.03636041;0.472531923;0.00707428;1.507;1.659;1.855;2.07;2.258;2.412;2.645;2.799;2.864;1.178;3.128;-0.312375;0.683684211;22.46473684
2018-03-01;100.8213;-0.004371328;0.082152174;1.51;3.294090909;3.402727273;4.088181818;3.565909091;0.014546275;2.81;3.29;3.82;4.24;0.004701982;0.004909169;0.000192362;-0.001989607;101.4;4;-0.031290197;-0.205272663;0;1.621;1.715;1.927;2.09;2.27;2.386;2.562;2.687;2.741;1.178;2.972;0.02012;0.566666667;19.02380952
2018-04-01;100.8471;-0.030235635;0.021552736;1.69;3.364761905;3.44;4.172380952;3.636666667;0.012414017;2.88;3.37;3.88;4.27;0.010784974;0.00412802;0.002604407;0.004483808;98.8;4;0.009194119;-0.139912483;0.005017561;1.624;1.807;2.012;2.239;2.492;2.629;2.801;2.915;2.955;1.178;3.124;0.0235;0.484761905;18.26761905
2018-05-01;100.8347;-0.003491968;-0.150074178;1.7;3.46173913;3.531304348;4.33173913;3.756956522;0.012414017;2.95;3.49;4.02;4.41;-0.009247505;0.004937609;0.00225795;0.011381407;98;3.8;0.024309132;-0.196185075;0.014478283;1.746;1.915;2.082;2.226;2.435;2.558;2.7;2.811;2.86;1.178;3.024;-0.239625;0.465909091;14.12454545
2018-06-01;100.7913;0.020778903;-0.0871856;1.82;3.501818182;3.512727273;4.386363636;3.791363636;0.012414017;3.02;3.5;4.03;4.43;0.007825875;0.002885961;0.000901145;-0.005118457;98.2;4;0.001254732;-0.004604216;0.00492126;1.759;1.92;2.11;2.322;2.532;2.625;2.74;2.824;2.86;1.178;2.99;-0.24682;0.379047619;13.67809524
2018-07-01;100.7189;0.008586121;0.128286665;1.91;3.500909091;3.485909091;4.366363636;3.787272727;0.010583496;3.1;3.47;4.04;4.36;0.00136638;0.003748148;0.00078082;0.005899024;97.9;3.8;0.041703235;-0.207697494;0.000489716;1.898;2.033;2.209;2.417;2.674;2.769;2.848;2.925;2.962;1.178;3.081;-0.46255;0.282380952;13.14761905
2018-08-01;100.6204;0.036290883;-0.335507422;1.91;3.443043478;3.456086957;4.322608696;3.742173913;0.010583496;3.06;3.4;3.99;4.34;0.007231931;0.003497631;0.001787321;-0.001526888;96.2;3.8;0.031919832;0.032797731;-0.004405286;1.934;2.104;2.273;2.455;2.629;2.694;2.738;2.812;2.86;1.178;3.019;-0.58314;0.253478261;12.54695652
2018-09-01;100.4805;0.02570972;0.005180967;1.95;3.538571429;3.576190476;4.411428571;3.836190476;0.010583496;3.16;3.51;4.09;4.44;0.000359337;0.000849933;0.002062282;-0.001661209;100.1;3.7;0.001412461;-0.061401496;0.000983284;2.112;2.199;2.372;2.571;2.823;2.886;2.955;3.025;3.065;1.178;3.208;-0.776925;0.236315789;12.91052632
2018-10-01;100.2935;0.009487784;0.139393792;2.19;3.68173913;3.735652174;4.563478261;3.984782609;0.00572809;3.27;3.66;4.21;4.58;-0.001713439;0.005958753;0.00233958;0.011057444;98.6;3.8;-0.06489029;1.462615156;0.004911591;2.194;2.333;2.494;2.665;2.871;2.928;2.978;3.07;3.149;1.178;3.396;-0.5336;0.291363636;19.35217391
2018-11-01;100.0756;-0.034675357;0.355047374;2.2;3.734090909;3.766818182;4.731818182;4.09;0.00572809;3.36;3.73;4.27;4.69;0.000586879;0.004547228;-0.000704192;0.004337632;97.5;3.8;0.018549149;-0.331736073;-0.011241447;2.307;2.363;2.527;2.691;2.797;2.811;2.823;2.905;2.993;1.178;3.294;-0.21146;0.258;19.38904762
2018-12-01;99.85027;0.028112726;-0.096846166;2.27;3.628;3.603;4.7335;3.9955;0.00572809;3.33;3.61;4.14;4.54;-5.87E-05;-0.007690352;0.000684894;-0.0228942;98.3;3.9;-0.09334295;0.535223426;-0.0064261;2.435;2.381;2.491;2.601;2.496;2.459;2.51;2.586;2.686;1.178;3.02;0.3625;0.156315789;24.95315789
2019-01-01;99.64063;-0.064604779;0.224975109;2.4;3.462727273;3.469090909;4.601818182;3.835454545;0.008904636;3.16;3.41;4.06;4.46;-0.005977233;0.002725649;-0.000193854;0.007103392;91.2;4;0.086372685;-0.339723935;-0.009452736;2.397;2.397;2.46;2.552;2.464;2.439;2.44;2.52;2.633;1.178;2.997;-0.091925;0.17047619;19.57238095
2019-02-01;99.46525;0.034083993;-0.190197101;2.4;3.302;3.338;4.3655;3.6445;0.008904636;3;3.17;3.91;4.3;-0.005260561;0.001696238;0.002390016;0.001033357;93.8;3.8;0.03241572;-0.330442789;0.00050226;2.415;2.44;2.505;2.542;2.518;2.497;2.516;2.623;2.717;1.178;3.082;-0.37005;0.172105263;15.23052632
2019-03-01;99.32577;0.037757681;-0.259990289;2.41;3.180909091;3.299090909;4.193636364;3.505454545;0.008904636;2.84;3.01;3.77;4.26;-5.83E-06;0.008495171;0.00347384;0.016530319;98.4;3.8;0.013635926;0.223344288;0.008032129;2.452;2.4;2.441;2.401;2.266;2.21;2.236;2.317;2.407;1.178;2.816;-0.5326;0.161428571;14.4852381
2019-04-01;99.19956;0.016226452;0.318794214;2.42;3.142857143;3.235238095;4.045714286;3.418571429;0.013297964;2.77;2.93;3.66;4.16;-0.005645317;0.002725906;0.003969284;-0.0002847;97.2;3.6;0.045436923;-0.279412326;0.006474104;2.429;2.432;2.452;2.382;2.266;2.242;2.278;2.39;2.504;1.178;2.93;-0.72715;0.187619048;12.94904762
2019-05-01;99.08261;0.028993592;-0.247414791;2.39;3.05;3.161304348;3.956521739;3.33173913;0.013297964;2.68;2.86;3.53;4.11;0.001673381;0.003468184;0.000309548;0.006529778;100;3.7;-0.063771115;0.526286823;-0.001979218;2.363;2.354;2.355;2.216;1.924;1.879;1.916;2.024;2.133;1.178;2.571;-0.44186;0.188636364;16.72181818
2019-06-01;98.97521;-0.058992434;0.194907343;2.38;2.757142857;2.867619048;3.701428571;3.04952381;0.013297964;2.36;2.54;3.27;3.92;0.000684442;0.003805308;-0.000513142;-2.90E-05;98.2;3.6;0.064409658;-0.273710155;-0.006941001;2.182;2.1;2.095;1.93;1.757;1.712;1.768;1.877;2.007;1.178;2.533;-0.354725;0.26;15.836
2019-07-01;98.88517;0.037767366;-0.047859608;2.4;2.672608696;2.783478261;3.56;2.94826087;0.014473241;2.31;2.43;3.14;3.78;-0.004543889;0.004987271;0.00206146;0.007989199;98.4;3.7;0.020056628;-0.171834663;0.001997004;1.995;2.085;2.096;2.006;1.868;1.824;1.822;1.908;2.007;1.178;2.521;-0.50135;0.224090909;13.30590909
2019-08-01;98.82481;0.014256075;-0.199817926;2.13;2.373043478;2.453913043;3.298695652;2.66173913;0.014473241;2.08;2.16;2.79;3.41;0.007368883;0.002678516;0.001462737;0.007256179;89.8;3.7;-0.016743446;0.832267891;-0.007473842;2.093;1.987;1.883;1.773;1.51;1.432;1.391;1.455;1.499;1.178;1.963;-0.01794;0.055;18.97909091
2019-09-01;98.82384;-0.005798519;0.277065202;2.04;2.394761905;2.506190476;3.315714286;2.704761905;0.014473241;2.11;2.23;2.87;3.46;-0.002373136;0.001670463;0.001765218;-0.008186955;93.2;3.5;0.014771803;-0.358983814;-0.004016064;1.947;1.825;1.826;1.768;1.626;1.562;1.546;1.617;1.668;1.178;2.114;-0.18145;0.0515;15.559
2019-10-01;98.87929;0.014851557;-0.091567127;1.83;2.347391304;2.48;3.27;2.663478261;0.009592758;1.97;2.14;2.84;3.45;-0.009063556;0.002963228;0.002857577;0.002535432;95.5;3.6;0.026824664;0.063595944;0.001008065;1.547;1.546;1.557;1.529;1.526;1.516;1.518;1.604;1.688;1.178;2.173;0.00125;0.155454545;15.46652174
2019-11-01;98.96508;-0.001187598;-0.009179574;1.55;2.402380952;2.536666667;3.274761905;2.691428571;0.009592758;2.01;2.2;2.87;3.48;0.005371931;0.004095038;0.002173034;0.007759191;96.8;3.6;0.036198145;-0.252118427;0.002014099;1.652;1.587;1.616;1.599;1.612;1.609;1.624;1.729;1.774;1.178;2.203;-0.1554;0.199473684;12.5235
2019-12-01;99.04773;0.04662125;-0.122301059;1.55;2.405714286;2.535238095;3.216190476;2.66;0.009592758;1.99;2.19;2.86;3.42;-0.002584485;0.005159507;0.003153571;0.0022183;99.3;3.6;0.024021081;0.239173348;0;1.478;1.556;1.583;1.582;1.571;1.609;1.693;1.836;1.919;1.178;2.389;-0.28405;0.24952381;13.75666667
2020-01-01;99.0881;-0.005923453;0.145699748;1.55;2.304545455;2.448181818;3.069090909;2.539090909;-0.008943179;1.86;2.06;2.73;3.34;-0.004978211;0.002695858;0.001627896;-0.002916955;99.8;3.5;0.00451044;0.083123258;0.001507538;1.568;1.554;1.542;1.444;1.319;1.297;1.315;1.42;1.505;1.178;1.997;-0.36254;0.238571429;13.94095238
2020-02-01;99.05559;0.009634713;0.06769658;1.58;2.128571429;2.241428571;2.9;2.342380952;-0.008943179;1.69;1.85;2.51;3.15;0.002527205;0.00386318;0.000814555;0.000749451;101;3.5;-0.079165677;0.515954842;-0.01304566;1.444;1.285;1.137;0.983;0.931;0.916;0.952;1.079;1.163;1.178;1.684;-0.23535;0.173157895;19.62894737
2020-03-01;97.65121;-0.087291414;0.149867179;0.65;2.473636364;2.339545455;4.055454545;2.895909091;-0.008943179;2.2;2.31;2.87;3.5;-0.03902079;-0.066259967;-0.004335617;-0.058733106;89.1;4.4;-0.129987206;1.808253131;-0.018301983;0.038;0.132;0.129;0.152;0.253;0.295;0.374;0.544;0.668;1.178;1.316;3.795425;0.421818182;57.73681818
2020-04-01;92.57691;-0.089017941;1.218981833;0.05;2.065238095;1.913809524;3.95952381;2.510952381;-0.082618982;1.53;1.77;2.69;3.15;-0.133814628;-0.124844271;-0.007872185;-0.122976639;71.8;14.7;0.133610412;-0.524248409;-0.039357846;0.089;0.106;0.114;0.167;0.201;0.253;0.366;0.539;0.646;1.178;1.293;2.421225;0.432857143;41.45380952
2020-05-01;94.28904;0.090682457;-0.445210303;0.05;1.805;1.804545455;3.318181818;2.199090909;-0.082618982;1.01;1.42;2.51;3.26;0.016256905;0.086654969;-0.000874686;0.179722647;72.3;13.2;0.047645322;-0.322366486;0.01671159;0.129;0.142;0.167;0.173;0.164;0.197;0.304;0.5;0.653;1.178;1.411;0.66924;0.5035;30.897
2020-06-01;96.13219;0.033478855;-0.193412162;0.08;1.612272727;1.581363636;2.78;1.897727273;-0.082618982;0.69;1.05;2.27;3.1;0.06501212;0.06154889;0.00436944;0.067173173;78.1;11;0.013275232;0.234610451;0.01378579;0.129;0.147;0.165;0.16;0.154;0.176;0.288;0.493;0.658;1.178;1.413;0.232875;0.543636364;31.11954545
2020-07-01;97.70477;0.002863554;0.28914414;0.09;1.438695652;1.495217391;2.483043478;1.65826087;0.087103126;0.53;0.89;1.98;2.79;0.037699932;0.020993722;0.005027511;0.012304555;72.5;10.2;0.063552268;-0.361868159;0.009414226;0.096;0.094;0.104;0.117;0.109;0.117;0.209;0.387;0.533;0.971;1.196;0.01358;0.475454545;26.84045455
2020-08-01;98.42593;0.008728354;-0.219794634;0.1;1.422380952;1.513809524;2.357619048;1.581428571;0.087103126;0.47;0.79;1.93;2.8;0.009195448;0.008622568;0.004386746;0.005867282;74.1;8.4;0.069796586;-0.305340621;0.006735751;0.086;0.106;0.112;0.122;0.133;0.149;0.269;0.493;0.706;1.244;1.476;-0.257175;0.51047619;22.88952381
2020-09-01;98.71817;0.04583118;-0.087654635;0.09;1.478181818;1.583636364;2.373181818;1.629545455;0.087103126;0.47;0.8;2;2.91;-0.00045574;0.016059584;0.00238232;0.018893809;80.4;7.9;-0.041281316;0.735631597;0.006176016;0.074;0.096;0.107;0.119;0.131;0.16;0.278;0.472;0.686;1.225;1.454;-0.016575;0.544761905;27.64761905
2020-10-01;99.07759;-0.002649795;0.456053144;0.09;1.533478261;1.638695652;2.404347826;1.679130435;0.017408918;0.48;0.85;2.06;3.01;0.006101556;0.002934864;0.000988351;-0.003917459;81.8;6.9;-0.021030372;-0.102328374;0.00511509;0.084;0.094;0.104;0.127;0.156;0.199;0.384;0.644;0.874;1.424;1.658;0.00108;0.637619048;29.43863636
2020-11-01;99.47211;-0.044070495;-0.228043079;0.09;1.518571429;1.625238095;2.274761905;1.626666667;0.017408918;0.46;0.85;2.03;2.87;0.004430193;-0.004450947;0.002024696;-0.005419159;76.9;6.7;0.108776909;-0.057563458;0.009160305;0.081;0.081;0.091;0.107;0.15;0.189;0.364;0.617;0.842;1.36;1.569;-0.2478;0.704210526;24.9955
2020-12-01;99.88824;0.088020828;0.008261876;0.09;1.468636364;1.593636364;2.117727273;1.576363636;0.017408918;0.42;0.84;1.98;2.8;0.011553186;0.000693634;0.004685349;0.017627259;80.7;6.7;0.032646426;-0.124216582;0.011094302;0.056;0.079;0.089;0.112;0.123;0.168;0.361;0.648;0.916;1.443;1.646;-0.437775;0.797727273;22.37409091
2021-01-01;100.2614;0.016023335;0.112590592;0.09;1.50952381;1.677142857;2.128571429;1.62047619;0.026138298;0.37;0.88;2.09;2.94;0.008249009;0.024781931;0.002347015;0.028840324;79;6.3;-0.005971194;0.042932033;0.021446384;0.056;0.058;0.074;0.084;0.111;0.175;0.426;0.762;1.071;1.649;1.835;-0.4599;0.95;24.91
2021-02-01;100.6365;-0.017697912;-0.068912423;0.08;1.633333333;1.78047619;2.209047619;1.707142857;0.026138298;0.35;0.97;2.22;3.16;-0.034511802;-0.005960274;0.00376166;-0.025418021;76.8;6.2;0.027805568;-0.067361856;0.028320313;0.03;0.041;0.051;0.079;0.129;0.281;0.73;1.12;1.407;2.047;2.154;-0.681;1.142631579;23.14052632
2021-03-01;100.9645;0.024343827;-0.195000075;0.07;1.893043478;2.086086957;2.491304348;1.984347826;0.026138298;0.44;1.31;2.62;3.42;0.028945923;0.052273095;0.00483997;0.10565576;84.9;6.1;0.041986507;0.836446256;0.020892688;0.013;0.023;0.035;0.063;0.162;0.349;0.938;1.419;1.744;2.317;2.415;-0.595575;1.463913043;21.84304348
2021-04-01;101.2367;0.054588174;0.578986269;0.07;1.848571429;2.013809524;2.437142857;1.93047619;0.03062705;0.41;1.3;2.58;3.27;0.00156417;0.00598626;0.006628566;0.004044706;88.3;6.1;0.05635897;-0.391224141;0.013488372;0.01;0.013;0.025;0.053;0.162;0.332;0.849;1.311;1.626;2.178;2.298;-0.84752;1.471818182;17.41619048
2021-05-01;101.3132;0.00372158;-0.355745267;0.06;1.822857143;2.015238095;2.402857143;1.904285714;0.03062705;0.36;1.24;2.56;3.31;0.008772126;0.003519468;0.006652417;-0.013198208;82.9;5.8;0.006566014;0.05822373;0.032124828;0.005;0.013;0.03;0.043;0.141;0.292;0.788;1.248;1.581;2.18;2.263;-0.85355;1.466;19.7605
2021-06-01;101.3187;0.0026492;0.0362363;0.08;1.778181818;1.929090909;2.321818182;1.851363636;0.03062705;0.42;1.21;2.44;3.14;0.00361873;0.012189321;0.007878738;0.005743817;85.5;5.9;0.019093467;-0.171327139;0.017785683;0.048;0.046;0.056;0.071;0.252;0.463;0.891;1.238;1.468;2.021;2.088;-0.887975;1.316363636;16.95681818
2021-07-01;101.2692;0.025841406;0.063179909;0.1;1.7;1.812608696;2.214347826;1.760869565;0.023038067;0.48;1.13;2.27;2.93;0.006165234;0.004248094;0.004453742;-0.019963021;81.2;5.4;0.02776393;0.109154185;0.012887724;0.046;0.046;0.053;0.066;0.188;0.343;0.693;1;1.226;1.808;1.895;-0.80516;1.099047619;17.60333333
2021-08-01;101.198;0.018016154;-0.120659432;0.09;1.712272727;1.813181818;2.235454545;1.768636364;0.023038067;0.5;1.17;2.26;2.94;2.40E-05;0.007368401;0.004069708;0.010233205;70.3;5.2;0.029759933;-0.118207401;0.006750054;0.035;0.046;0.058;0.068;0.211;0.407;0.775;1.086;1.307;1.849;1.928;-0.788525;1.065909091;17.47272727
2021-09-01;101.1375;0.024424278;-0.1684218;0.08;1.735909091;1.823636364;2.253181818;1.796818182;0.023038067;0.51;1.26;2.34;2.92;-0.010627662;0.007556051;0.004243779;0.007792385;72.8;4.8;-0.049650104;0.391991747;0.009695178;0.053;0.038;0.051;0.079;0.281;0.514;0.971;1.294;1.492;1.993;2.05;-0.706925;1.133809524;19.8247619
2021-10-01;101.0918;-0.038271265;0.307719784;0.08;1.907272727;1.978636364;2.438181818;1.975909091;0.034648157;0.68;1.48;2.53;3.04;0.012548783;0.012644455;0.00910126;0.018262162;71.7;4.5;0.073591947;-0.135712582;0.020311612;0.056;0.058;0.063;0.127;0.501;0.756;1.185;1.457;1.561;1.984;1.939;-0.78018;1.19;17.87142857
2021-11-01;101.0517;0.03409923;-0.055611174;0.08;1.947272727;2.005454545;2.506818182;2.040454545;0.034648157;0.86;1.6;2.54;2.98;0.008898903;0.005111177;0.007916188;0.011069833;67.4;4.2;-0.008034806;-0.114878835;0.011735596;0.106;0.053;0.104;0.221;0.567;0.844;1.168;1.381;1.456;1.873;1.803;-0.696475;1.0515;18.50047619
2021-12-01;100.9975;-0.004519945;0.093995492;0.08;1.997727273;2.040454545;2.580909091;2.093181818;0.034648157;1.06;1.67;2.53;2.99;-0.003074199;-0.002143992;0.00780737;-0.004370223;70.6;3.9;0.042584894;0.443390673;-0.008011114;0.056;0.053;0.193;0.384;0.734;0.96;1.263;1.436;1.512;1.937;1.905;-0.5959;0.785;21.35454545
2022-01-01;100.9097;0.039887652;0.230470862;0.08;2.275238095;2.301428571;2.868571429;2.37047619;0.015190389;1.31;1.98;2.84;3.26;0.001354995;0.012298455;0.006094978;0.020536784;67.2;4;-0.049413335;0.289366032;0.021194342;0.041;0.185;0.46;0.767;1.185;1.385;1.614;1.745;1.784;2.184;2.116;-0.571675;0.7835;23.181
